{
  "$schema": "https://ripota.org/schemas/v2/display-geojson.schema.json",
  "type": "FeatureCollection",
  "properties": {
    "schemaVersion": 2,
    "geometryRole": "display",
    "geometryKind": "boundary",
    "potaReference": "US-7971",
    "potaName": "Blackstone River Valley National Historical Park",
    "sourceName": "National Park Service Land Resources Division Boundary and Tract Data Service",
    "sourceUrl": "https://services1.arcgis.com/fBc8EJBxQRMcHlei/arcgis/rest/services/NPS_Land_Resources_Division_Boundary_and_Tract_Data_Service/FeatureServer/2",
    "sourceQuery": "UNIT_CODE = 'BLRV'",
    "sourceFeatureIds": [
      2131
    ]
  },
  "features": [
    {
      "type": "Feature",
      "properties": {
        "potaReference": "US-7971",
        "potaName": "Blackstone River Valley National Historical Park",
        "geometryKind": "boundary",
        "geometryRole": "display"
      },
      "geometry": {
        "type": "MultiPolygon",
        "coordinates": [
          [
            [
              [
                -71.382312890351,
                41.8773908324956
              ],
              [
                -71.3821957464447,
                41.8774278928526
              ],
              [
                -71.3819858631634,
                41.8775821939474
              ],
              [
                -71.3819858299257,
                41.8775822354168
              ],
              [
                -71.3818931246867,
                41.8776857850665
              ],
              [
                -71.3818930887541,
                41.8776858251982
              ],
              [
                -71.381840104322,
                41.877723762259
              ],
              [
                -71.3817065652634,
                41.8782068744025
              ],
              [
                -71.3826121506132,
                41.8784495544483
              ],
              [
                -71.3827922259967,
                41.8780597663573
              ],
              [
                -71.3827922475563,
                41.8780597202062
              ],
              [
                -71.3828165685443,
                41.8780071113066
              ],
              [
                -71.3828326924053,
                41.8779721742378
              ],
              [
                -71.3828327193548,
                41.8779721294244
              ],
              [
                -71.3829526139025,
                41.8777708111661
              ],
              [
                -71.3829526408519,
                41.8777707663525
              ],
              [
                -71.3834711583154,
                41.8769000910921
              ],
              [
                -71.3834711834682,
                41.8769000449402
              ],
              [
                -71.3834738990753,
                41.876895023746
              ],
              [
                -71.383473915245,
                41.8768949869583
              ],
              [
                -71.3834739475843,
                41.8768949448196
              ],
              [
                -71.3834787895037,
                41.8768815079227
              ],
              [
                -71.3834787957919,
                41.8768814671217
              ],
              [
                -71.3834804433022,
                41.8768676101726
              ],
              [
                -71.3834788398094,
                41.8768537070684
              ],
              [
                -71.383478824538,
                41.8768536589099
              ],
              [
                -71.3834740311277,
                41.8768402233421
              ],
              [
                -71.3834740122631,
                41.876840187892
              ],
              [
                -71.383466165479,
                41.8768275683416
              ],
              [
                -71.3834661358346,
                41.8768275322227
              ],
              [
                -71.3834588936168,
                41.8768193412522
              ],
              [
                -71.3833256393242,
                41.8766871036877
              ],
              [
                -71.3833164145245,
                41.8766779542077
              ],
              [
                -71.3833129874517,
                41.8766745503252
              ],
              [
                -71.3833129542141,
                41.8766745911263
              ],
              [
                -71.3831812953294,
                41.8768309401102
              ],
              [
                -71.3831812611934,
                41.8768309802423
              ],
              [
                -71.3831256455959,
                41.8768970243311
              ],
              [
                -71.3831256114599,
                41.8768970651321
              ],
              [
                -71.3825803403706,
                41.8773062192485
              ],
              [
                -71.3825111063134,
                41.8773281211966
              ],
              [
                -71.3824648170251,
                41.8773427659672
              ],
              [
                -71.3823940118144,
                41.8773651668749
              ],
              [
                -71.3823649692813,
                41.8773743563883
              ],
              [
                -71.3821644733947,
                41.8768895450455
              ],
              [
                -71.3821644545301,
                41.8768895009002
              ],
              [
                -71.3822176545578,
                41.8768928679835
              ],
              [
                -71.3822819613558,
                41.8768863063848
              ],
              [
                -71.3823307371807,
                41.876884699094
              ],
              [
                -71.382372860981,
                41.8768864000264
              ],
              [
                -71.382423859238,
                41.8768831392928
              ],
              [
                -71.3824859633669,
                41.8768699458617
              ],
              [
                -71.382545845962,
                41.8768567517588
              ],
              [
                -71.3826035267864,
                41.8768369271561
              ],
              [
                -71.3826501304851,
                41.8768104660275
              ],
              [
                -71.3826945000736,
                41.8767774131789
              ],
              [
                -71.3826945378028,
                41.8767773770599
              ],
              [
                -71.3827389172728,
                41.8767360348892
              ],
              [
                -71.3827389460189,
                41.8767359907438
              ],
              [
                -71.3827611469828,
                41.876702915784
              ],
              [
                -71.3827611802205,
                41.876702874314
              ],
              [
                -71.3827723148384,
                41.876678035141
              ],
              [
                -71.3827967121832,
                41.8766532481303
              ],
              [
                -71.3827967409293,
                41.8766532039848
              ],
              [
                -71.3828189427916,
                41.8766201303199
              ],
              [
                -71.3828189760292,
                41.876620088181
              ],
              [
                -71.3828256648848,
                41.8765969107869
              ],
              [
                -71.3828456452134,
                41.8765836641214
              ],
              [
                -71.3829011422333,
                41.8765456086623
              ],
              [
                -71.3829565889476,
                41.8765158819786
              ],
              [
                -71.3829566293718,
                41.8765158498727
              ],
              [
                -71.3829854518177,
                41.8764927149142
              ],
              [
                -71.3829854922419,
                41.8764926821395
              ],
              [
                -71.3830298600338,
                41.8764563061661
              ],
              [
                -71.3830298932714,
                41.876456264696
              ],
              [
                -71.3830953535062,
                41.8764345142833
              ],
              [
                -71.3830954083034,
                41.8764344962237
              ],
              [
                -71.3830503398256,
                41.8763906221447
              ],
              [
                -71.3822977034328,
                41.8764653439761
              ],
              [
                -71.3820759399319,
                41.8765284092863
              ],
              [
                -71.3817432111371,
                41.8766545009254
              ],
              [
                -71.3813987804384,
                41.8767899708688
              ],
              [
                -71.3815694158758,
                41.877032312832
              ],
              [
                -71.3815961829763,
                41.8770703312136
              ],
              [
                -71.3815979697254,
                41.8770693198875
              ],
              [
                -71.3816209683933,
                41.8770562963869
              ],
              [
                -71.3816697810492,
                41.877034804361
              ],
              [
                -71.3817052860625,
                41.8770182713082
              ],
              [
                -71.3817274816365,
                41.8770066938879
              ],
              [
                -71.3817674144458,
                41.8769901648411
              ],
              [
                -71.3818228674483,
                41.8769753099652
              ],
              [
                -71.3818561491313,
                41.8769620897983
              ],
              [
                -71.3819027510333,
                41.8769389409552
              ],
              [
                -71.381942682046,
                41.876925724794
              ],
              [
                -71.3819648659419,
                41.8769207778462
              ],
              [
                -71.3819781708896,
                41.8769174769823
              ],
              [
                -71.3819870139053,
                41.8769125567886
              ],
              [
                -71.3819870516345,
                41.8769125213386
              ],
              [
                -71.3820025592512,
                41.8768976610937
              ],
              [
                -71.3820025915906,
                41.8768976202927
              ],
              [
                -71.3820292221472,
                41.8768843900768
              ],
              [
                -71.3820297889842,
                41.8768843419183
              ],
              [
                -71.3821045907995,
                41.8768780311444
              ],
              [
                -71.3821068329945,
                41.8768778418547
              ],
              [
                -71.3821068545541,
                41.8768778973707
              ],
              [
                -71.382312890351,
                41.8773908324956
              ]
            ]
          ],
          [
            [
              [
                -71.4330832770975,
                41.9370474370447
              ],
              [
                -71.4333620943988,
                41.9373751389715
              ],
              [
                -71.4339166172371,
                41.9379160428021
              ],
              [
                -71.4339804533178,
                41.9378893998267
              ],
              [
                -71.4340825944606,
                41.9378456301069
              ],
              [
                -71.4342920995512,
                41.9376037678005
              ],
              [
                -71.4342921318905,
                41.9376037263701
              ],
              [
                -71.434455519271,
                41.9375257188582
              ],
              [
                -71.4344555605935,
                41.9375256861148
              ],
              [
                -71.4341806797098,
                41.9371781617135
              ],
              [
                -71.4340857170045,
                41.9370697221228
              ],
              [
                -71.434036651922,
                41.9367211628032
              ],
              [
                -71.4339191325199,
                41.9366821087353
              ],
              [
                -71.4339576909069,
                41.936578311924
              ],
              [
                -71.4339577124664,
                41.9365782691564
              ],
              [
                -71.4340166320676,
                41.9365896099126
              ],
              [
                -71.4340166733901,
                41.9365896179315
              ],
              [
                -71.4339672175405,
                41.936274744975
              ],
              [
                -71.4337316460353,
                41.9362910368222
              ],
              [
                -71.4336789652338,
                41.9359479107965
              ],
              [
                -71.4336789589456,
                41.9359478700333
              ],
              [
                -71.4337142645329,
                41.9359478967632
              ],
              [
                -71.4337187992284,
                41.9359445020536
              ],
              [
                -71.4339165112359,
                41.9359303765847
              ],
              [
                -71.4339165498635,
                41.9359303739117
              ],
              [
                -71.4338873770746,
                41.9357355793806
              ],
              [
                -71.4337606184998,
                41.9349112977444
              ],
              [
                -71.4337162498096,
                41.9346254198242
              ],
              [
                -71.4336497187831,
                41.9341775445348
              ],
              [
                -71.4336180432878,
                41.933958372152
              ],
              [
                -71.433567353153,
                41.9336824712965
              ],
              [
                -71.4333924430823,
                41.9330887722222
              ],
              [
                -71.433249451052,
                41.9325455673079
              ],
              [
                -71.4331579315892,
                41.9321802840497
              ],
              [
                -71.4330903082112,
                41.9319202120228
              ],
              [
                -71.4328427603667,
                41.9309731388395
              ],
              [
                -71.4324477980857,
                41.9310275786998
              ],
              [
                -71.4324008368576,
                41.9307641470859
              ],
              [
                -71.4323390237829,
                41.9305228707616
              ],
              [
                -71.4322077026648,
                41.930289337892
              ],
              [
                -71.4320486730117,
                41.9293846326305
              ],
              [
                -71.4319772156242,
                41.9290623765718
              ],
              [
                -71.4318996245398,
                41.9284197135146
              ],
              [
                -71.4318996191499,
                41.9284196754199
              ],
              [
                -71.4319989467692,
                41.9284100762128
              ],
              [
                -71.4323379224484,
                41.9283813474209
              ],
              [
                -71.4323379592793,
                41.9283813440793
              ],
              [
                -71.4323003522083,
                41.9280531461539
              ],
              [
                -71.4322066749921,
                41.9276437663803
              ],
              [
                -71.4321320222971,
                41.9273909661058
              ],
              [
                -71.432068652442,
                41.9272959669133
              ],
              [
                -71.4319277714526,
                41.927176968098
              ],
              [
                -71.4317475721016,
                41.9270972027907
              ],
              [
                -71.4316311522373,
                41.9271060202345
              ],
              [
                -71.4316212797524,
                41.9270697252139
              ],
              [
                -71.4311942161747,
                41.9270626929092
              ],
              [
                -71.4311942089882,
                41.9270627350149
              ],
              [
                -71.4311934894377,
                41.9270671420685
              ],
              [
                -71.4311536841891,
                41.9273112812669
              ],
              [
                -71.4311064399917,
                41.9277815605943
              ],
              [
                -71.4311622936428,
                41.9286244784318
              ],
              [
                -71.4312016739882,
                41.9292754867412
              ],
              [
                -71.4312764048367,
                41.9296683666925
              ],
              [
                -71.4313912813952,
                41.9300014095915
              ],
              [
                -71.4315733815814,
                41.9305500648257
              ],
              [
                -71.4315470816049,
                41.9308398458601
              ],
              [
                -71.4315470492655,
                41.9308398866266
              ],
              [
                -71.4313572990264,
                41.931148646741
              ],
              [
                -71.4313572720769,
                41.9311486908488
              ],
              [
                -71.4312548102356,
                41.9314603131208
              ],
              [
                -71.4310228023472,
                41.9321331201773
              ],
              [
                -71.4309183660089,
                41.9328357790069
              ],
              [
                -71.4308965890498,
                41.9335963635109
              ],
              [
                -71.4310597716144,
                41.9341226562814
              ],
              [
                -71.4314320756889,
                41.9348940846812
              ],
              [
                -71.4316951401334,
                41.9353607229131
              ],
              [
                -71.4319512228714,
                41.9358272835549
              ],
              [
                -71.4321921887599,
                41.9361117601176
              ],
              [
                -71.4325627447129,
                41.93648370464
              ],
              [
                -71.4330832770975,
                41.9370474370447
              ]
            ]
          ],
          [
            [
              [
                -71.4363698920235,
                41.9404154874216
              ],
              [
                -71.4366426510865,
                41.9404477963695
              ],
              [
                -71.4368672406873,
                41.9407980893431
              ],
              [
                -71.437044059678,
                41.9410590279025
              ],
              [
                -71.437490365169,
                41.9416752456234
              ],
              [
                -71.4379714749874,
                41.9421350528275
              ],
              [
                -71.4382727106449,
                41.9424246409091
              ],
              [
                -71.4386840123826,
                41.9427285801588
              ],
              [
                -71.4389278807277,
                41.9429573922521
              ],
              [
                -71.4392387768677,
                41.9431612258367
              ],
              [
                -71.4392961684346,
                41.9432041346409
              ],
              [
                -71.439333525774,
                41.9432317128434
              ],
              [
                -71.4393621595737,
                41.9432531278031
              ],
              [
                -71.4394944859066,
                41.9431814989106
              ],
              [
                -71.4395539642599,
                41.943149302933
              ],
              [
                -71.4396840933136,
                41.9430788639438
              ],
              [
                -71.4407452030902,
                41.9425579090097
              ],
              [
                -71.4407452426161,
                41.9425578756007
              ],
              [
                -71.4405779111823,
                41.942382144183
              ],
              [
                -71.4416401775398,
                41.9418780028471
              ],
              [
                -71.4430216867337,
                41.9412223515866
              ],
              [
                -71.4430217271579,
                41.9412223181768
              ],
              [
                -71.4426217953968,
                41.9406878203618
              ],
              [
                -71.4422091650508,
                41.940136339956
              ],
              [
                -71.4426020989359,
                41.9399583513404
              ],
              [
                -71.4428683191619,
                41.939837768436
              ],
              [
                -71.4433297918082,
                41.9396287429167
              ],
              [
                -71.4437579037198,
                41.9394348263547
              ],
              [
                -71.4443054879709,
                41.9391867890781
              ],
              [
                -71.4447659095883,
                41.9389782311823
              ],
              [
                -71.4447659751653,
                41.9389782011125
              ],
              [
                -71.4432230315283,
                41.9384284616797
              ],
              [
                -71.4432229982906,
                41.9384285031096
              ],
              [
                -71.4415079608013,
                41.9404021420679
              ],
              [
                -71.4386835596317,
                41.9397092790375
              ],
              [
                -71.4381106464828,
                41.9399700302768
              ],
              [
                -71.4378930978772,
                41.9397689542161
              ],
              [
                -71.4377231285406,
                41.9396118532046
              ],
              [
                -71.4376755555598,
                41.9395678815306
              ],
              [
                -71.437565499361,
                41.9394661595402
              ],
              [
                -71.4374633707947,
                41.9393717603455
              ],
              [
                -71.4373844726616,
                41.9392988354336
              ],
              [
                -71.437332908466,
                41.9393262035012
              ],
              [
                -71.43657752772,
                41.9385539860825
              ],
              [
                -71.4363862754977,
                41.9383787952496
              ],
              [
                -71.4362763167662,
                41.9382715464737
              ],
              [
                -71.436367246485,
                41.938221601271
              ],
              [
                -71.4363672869092,
                41.9382215658551
              ],
              [
                -71.4359417872985,
                41.937799697295
              ],
              [
                -71.4358412460552,
                41.9378425188278
              ],
              [
                -71.4357085675827,
                41.937729627274
              ],
              [
                -71.4356255740303,
                41.9377724582091
              ],
              [
                -71.435472361867,
                41.9378438359093
              ],
              [
                -71.435376750578,
                41.9377437329656
              ],
              [
                -71.4350235860089,
                41.9379032990001
              ],
              [
                -71.4349451765593,
                41.9379497542925
              ],
              [
                -71.4349336808186,
                41.9379360081536
              ],
              [
                -71.4347675742378,
                41.9377267913005
              ],
              [
                -71.4346273948326,
                41.9375695329009
              ],
              [
                -71.4343270691685,
                41.9377148967828
              ],
              [
                -71.4343270422191,
                41.9377149362085
              ],
              [
                -71.4342528737159,
                41.9378341913444
              ],
              [
                -71.4341280599938,
                41.9379068947425
              ],
              [
                -71.4344324298733,
                41.9382118658845
              ],
              [
                -71.4344351769214,
                41.9382127151999
              ],
              [
                -71.4344338914322,
                41.9382133319727
              ],
              [
                -71.4344817042632,
                41.9382562380925
              ],
              [
                -71.4345438631893,
                41.9383098698663
              ],
              [
                -71.4346777193532,
                41.9384493002392
              ],
              [
                -71.4349167817115,
                41.9386673980581
              ],
              [
                -71.435107991713,
                41.9388818961027
              ],
              [
                -71.4353422696442,
                41.9390999904374
              ],
              [
                -71.4354091923362,
                41.9391786381792
              ],
              [
                -71.435500019198,
                41.939278737534
              ],
              [
                -71.4357102716868,
                41.9395968672232
              ],
              [
                -71.4359349798653,
                41.9398185286871
              ],
              [
                -71.4360353818696,
                41.9399186323831
              ],
              [
                -71.4362005919318,
                41.9401754938098
              ],
              [
                -71.436200552406,
                41.9401755245473
              ],
              [
                -71.4360503460056,
                41.9402438946404
              ],
              [
                -71.4358727445824,
                41.9403126228177
              ],
              [
                -71.4359495972516,
                41.9403876554202
              ],
              [
                -71.4362550199566,
                41.9402602095291
              ],
              [
                -71.4362550603808,
                41.9402601787916
              ],
              [
                -71.4362790795348,
                41.940297522738
              ],
              [
                -71.4363698920235,
                41.9404154874216
              ]
            ]
          ],
          [
            [
              [
                -71.5739013888971,
                42.002142011601
              ],
              [
                -71.5739400793364,
                42.0026804452116
              ],
              [
                -71.5739853661048,
                42.0033106962923
              ],
              [
                -71.5751828374465,
                42.0028305931032
              ],
              [
                -71.5753343985063,
                42.00277304571
              ],
              [
                -71.5756244734947,
                42.0026328842423
              ],
              [
                -71.5756873843107,
                42.0026024846422
              ],
              [
                -71.5761518923643,
                42.0023995948601
              ],
              [
                -71.5764675037613,
                42.0022470167196
              ],
              [
                -71.5766927545222,
                42.0021187439364
              ],
              [
                -71.5768942214876,
                42.001993274636
              ],
              [
                -71.577158197722,
                42.0017999149937
              ],
              [
                -71.5771582381462,
                42.0017998816157
              ],
              [
                -71.5771755046643,
                42.0017854917021
              ],
              [
                -71.5771755405969,
                42.001785456989
              ],
              [
                -71.576968442093,
                42.001463417401
              ],
              [
                -71.5768860912851,
                42.0013353596628
              ],
              [
                -71.5771653725662,
                42.001230510919
              ],
              [
                -71.5771654210752,
                42.0012304928947
              ],
              [
                -71.5770733751996,
                42.0010836256569
              ],
              [
                -71.577016218093,
                42.0010825915956
              ],
              [
                -71.5769591445298,
                42.0010800708626
              ],
              [
                -71.5769022236801,
                42.0010760647927
              ],
              [
                -71.5768455247143,
                42.0010705793939
              ],
              [
                -71.576789117701,
                42.0010636213414
              ],
              [
                -71.576769076287,
                42.0010607848483
              ],
              [
                -71.5765733136237,
                42.0010303017187
              ],
              [
                -71.5765724215966,
                42.0010301575242
              ],
              [
                -71.5765723973421,
                42.0010301995809
              ],
              [
                -71.5764173903448,
                42.0013860114211
              ],
              [
                -71.5765384949233,
                42.0015937749652
              ],
              [
                -71.5765384455159,
                42.0015937896515
              ],
              [
                -71.5761875518878,
                42.0017001788602
              ],
              [
                -71.5760038131746,
                42.0013412739488
              ],
              [
                -71.5756481099665,
                42.0013655479167
              ],
              [
                -71.5756480884069,
                42.0013655879705
              ],
              [
                -71.5755250394251,
                42.0016471087783
              ],
              [
                -71.5751588030211,
                42.0015657186786
              ],
              [
                -71.5751075918634,
                42.0015698248519
              ],
              [
                -71.575032556486,
                42.0015369127073
              ],
              [
                -71.5738597690517,
                42.0016136195668
              ],
              [
                -71.5738597717466,
                42.0016136596205
              ],
              [
                -71.5739013888971,
                42.002142011601
              ]
            ]
          ],
          [
            [
              [
                -71.5731243668376,
                41.9987445721405
              ],
              [
                -71.5734937837268,
                41.9987745723615
              ],
              [
                -71.5737314707645,
                41.9987938750908
              ],
              [
                -71.5740231483473,
                41.9988358545347
              ],
              [
                -71.5742191239114,
                41.9988640595624
              ],
              [
                -71.5745983189625,
                41.9989421815957
              ],
              [
                -71.5746862146215,
                41.998960289957
              ],
              [
                -71.5749293274834,
                41.999597030072
              ],
              [
                -71.575039972977,
                41.9998868216706
              ],
              [
                -71.5751320062762,
                42.0001278614891
              ],
              [
                -71.57525375315,
                42.000300238319
              ],
              [
                -71.5756813269707,
                42.0007134072831
              ],
              [
                -71.576117982759,
                42.0008231124476
              ],
              [
                -71.5761827252398,
                42.0008384665493
              ],
              [
                -71.5763282666889,
                42.0008701854414
              ],
              [
                -71.5763697508887,
                42.0008792263308
              ],
              [
                -71.5765585704732,
                42.0009150934749
              ],
              [
                -71.5766062862862,
                42.0009233346107
              ],
              [
                -71.5767970264688,
                42.0009530153743
              ],
              [
                -71.5768301877775,
                42.0009575875498
              ],
              [
                -71.576881609141,
                42.0009635409237
              ],
              [
                -71.5769332775412,
                42.0009681504823
              ],
              [
                -71.576985130096,
                42.0009714135556
              ],
              [
                -71.5770371039234,
                42.0009733254707
              ],
              [
                -71.5770891370396,
                42.0009738828902
              ],
              [
                -71.577141162071,
                42.0009730844786
              ],
              [
                -71.5771931197287,
                42.000970933574
              ],
              [
                -71.5772449435374,
                42.0009674308438
              ],
              [
                -71.5782452831833,
                42.0008267273375
              ],
              [
                -71.5782577850371,
                42.0008248007314
              ],
              [
                -71.5782702635347,
                42.00082253767
              ],
              [
                -71.578282627048,
                42.0008199508373
              ],
              [
                -71.5782948638988,
                42.000817043571
              ],
              [
                -71.5783069552225,
                42.0008138192089
              ],
              [
                -71.578318889341,
                42.000810283759
              ],
              [
                -71.5783306509831,
                42.0008064385565
              ],
              [
                -71.5783422266738,
                42.0008022896095
              ],
              [
                -71.5783535993453,
                42.0007978415908
              ],
              [
                -71.5783647564211,
                42.0007931005086
              ],
              [
                -71.5783695731877,
                42.0007909322411
              ],
              [
                -71.5783803996835,
                42.0007857792676
              ],
              [
                -71.5783909764477,
                42.0007803485845
              ],
              [
                -71.5784012935987,
                42.0007746441972
              ],
              [
                -71.5784113358652,
                42.0007686774542
              ],
              [
                -71.5784210951625,
                42.0007624503582
              ],
              [
                -71.578430556219,
                42.0007559735903
              ],
              [
                -71.5784397091535,
                42.0007492544936
              ],
              [
                -71.5784485081517,
                42.0007423438035
              ],
              [
                -71.5784485476776,
                42.0007423117601
              ],
              [
                -71.5788460791403,
                42.0004182154378
              ],
              [
                -71.5788461195644,
                42.0004181827267
              ],
              [
                -71.5788719497221,
                42.0003964712149
              ],
              [
                -71.5788719883497,
                42.000396436501
              ],
              [
                -71.5789006715567,
                42.0003706854888
              ],
              [
                -71.5789007092859,
                42.0003706494397
              ],
              [
                -71.5789281707842,
                42.0003441680903
              ],
              [
                -71.5789282067168,
                42.0003441307061
              ],
              [
                -71.5789544114719,
                42.0003169503946
              ],
              [
                -71.5789544465062,
                42.0003169116752
              ],
              [
                -71.5789793612806,
                42.0002890664471
              ],
              [
                -71.5789793954166,
                42.0002890257249
              ],
              [
                -71.5790029932608,
                42.0002605502932
              ],
              [
                -71.5790030264985,
                42.0002605082359
              ],
              [
                -71.5790058525984,
                42.0002569954529
              ],
              [
                -71.5790058867344,
                42.0002569553983
              ],
              [
                -71.5790186796423,
                42.000241792083
              ],
              [
                -71.5790187155749,
                42.0002417533636
              ],
              [
                -71.5790322091688,
                42.000226931176
              ],
              [
                -71.5790322459997,
                42.0002268944593
              ],
              [
                -71.5790464277031,
                42.0002124320918
              ],
              [
                -71.5790464645341,
                42.0002123973778
              ],
              [
                -71.5790613136857,
                42.0001983121876
              ],
              [
                -71.5790613523133,
                42.0001982781411
              ],
              [
                -71.5790768527435,
                42.000184588153
              ],
              [
                -71.5790768922694,
                42.0001845554417
              ],
              [
                -71.5790930242152,
                42.0001712786805
              ],
              [
                -71.5790930565546,
                42.0001712366232
              ],
              [
                -71.5791098415757,
                42.0001583543971
              ],
              [
                -71.5791272185865,
                42.000145917442
              ],
              [
                -71.5791451660276,
                42.00013393911
              ],
              [
                -71.5791636632376,
                42.0001224374256
              ],
              [
                -71.579182688657,
                42.0001114230706
              ],
              [
                -71.579202217133,
                42.0001009100642
              ],
              [
                -71.5792222253093,
                42.0000909124258
              ],
              [
                -71.5792426898298,
                42.0000814415046
              ],
              [
                -71.579263583745,
                42.0000725106521
              ],
              [
                -71.579284884597,
                42.0000641272121
              ],
              [
                -71.5793065627414,
                42.0000563045364
              ],
              [
                -71.5793285939237,
                42.000049050636
              ],
              [
                -71.5793509520929,
                42.0000423741897
              ],
              [
                -71.5793736085026,
                42.0000362845436
              ],
              [
                -71.5793965353053,
                42.0000307870388
              ],
              [
                -71.5797592938817,
                41.9999490020015
              ],
              [
                -71.5798029690725,
                41.9999391552122
              ],
              [
                -71.5798030050051,
                41.9999391472012
              ],
              [
                -71.5798005049936,
                41.9999070760307
              ],
              [
                -71.5797839822806,
                41.9999043376202
              ],
              [
                -71.5795662746732,
                41.9998682476023
              ],
              [
                -71.5793494671777,
                41.9998197105314
              ],
              [
                -71.5791781018592,
                41.9997480904795
              ],
              [
                -71.5791221440035,
                41.9997247044453
              ],
              [
                -71.5789990936742,
                41.9996123450822
              ],
              [
                -71.578944670141,
                41.9995160889703
              ],
              [
                -71.5789135381265,
                41.999403982921
              ],
              [
                -71.5788136283989,
                41.9990445803891
              ],
              [
                -71.5788077201793,
                41.9990234618948
              ],
              [
                -71.5787310121389,
                41.9988637524709
              ],
              [
                -71.5785710482379,
                41.9986468253171
              ],
              [
                -71.5784107474687,
                41.998432965022
              ],
              [
                -71.5782240856375,
                41.9985208458049
              ],
              [
                -71.5771827980861,
                41.9985828311981
              ],
              [
                -71.5760471272426,
                41.9983818118855
              ],
              [
                -71.5758642940311,
                41.9983659892066
              ],
              [
                -71.5755793735759,
                41.9983413308945
              ],
              [
                -71.575136826636,
                41.9982587792878
              ],
              [
                -71.5737120572729,
                41.9981587532073
              ],
              [
                -71.573255158848,
                41.9981664940019
              ],
              [
                -71.5730340996263,
                41.9982207823471
              ],
              [
                -71.5730341050161,
                41.9982208143918
              ],
              [
                -71.5730386603729,
                41.9982452410944
              ],
              [
                -71.5730386217454,
                41.998245248438
              ],
              [
                -71.573001911193,
                41.9982522081339
              ],
              [
                -71.5729216763668,
                41.9982594809318
              ],
              [
                -71.5728885806351,
                41.998262481111
              ],
              [
                -71.5728794411754,
                41.9982691791071
              ],
              [
                -71.5728339028787,
                41.9983025582564
              ],
              [
                -71.5727616406006,
                41.9983259501541
              ],
              [
                -71.5726825196853,
                41.9983573091293
              ],
              [
                -71.572614151604,
                41.9983799419509
              ],
              [
                -71.5726141183663,
                41.9983799833419
              ],
              [
                -71.5725545618596,
                41.9984353964022
              ],
              [
                -71.572554523232,
                41.9984354324523
              ],
              [
                -71.5724764353793,
                41.9984842643205
              ],
              [
                -71.5724022219605,
                41.9985170812429
              ],
              [
                -71.5722967031522,
                41.9985470335043
              ],
              [
                -71.5722195387677,
                41.9985740209698
              ],
              [
                -71.5721355633566,
                41.9986228954576
              ],
              [
                -71.5721355301189,
                41.9986229361807
              ],
              [
                -71.5720847869835,
                41.9986651994642
              ],
              [
                -71.5720847474576,
                41.9986652321763
              ],
              [
                -71.5720115518299,
                41.9987016653512
              ],
              [
                -71.5719392347546,
                41.9987060761312
              ],
              [
                -71.5718474125595,
                41.9987309472637
              ],
              [
                -71.5717604754029,
                41.998761576362
              ],
              [
                -71.5716940728355,
                41.9987878714446
              ],
              [
                -71.5716169048576,
                41.9988162961309
              ],
              [
                -71.5715123535349,
                41.9988331234217
              ],
              [
                -71.5714156498946,
                41.9988492370539
              ],
              [
                -71.5713472898981,
                41.9988820504501
              ],
              [
                -71.5712603617247,
                41.9989221685959
              ],
              [
                -71.5711646480278,
                41.9989776385968
              ],
              [
                -71.5711646147902,
                41.9989776793197
              ],
              [
                -71.5710943503653,
                41.999032359515
              ],
              [
                -71.5710318276215,
                41.9990790225993
              ],
              [
                -71.5709790830396,
                41.9991169475957
              ],
              [
                -71.5709117219697,
                41.9991665466661
              ],
              [
                -71.5708531518132,
                41.9992103283482
              ],
              [
                -71.5708531239654,
                41.9992103664006
              ],
              [
                -71.570814091268,
                41.9992649823077
              ],
              [
                -71.5708140607253,
                41.9992650257008
              ],
              [
                -71.5707770375591,
                41.9993335173239
              ],
              [
                -71.5707770133046,
                41.9993335627197
              ],
              [
                -71.5707302056884,
                41.9993976695731
              ],
              [
                -71.5707301742474,
                41.9993977116309
              ],
              [
                -71.570677485361,
                41.9994618504637
              ],
              [
                -71.5706774530217,
                41.9994618911863
              ],
              [
                -71.5706296689368,
                41.9995238496272
              ],
              [
                -71.5705564104271,
                41.9995362433109
              ],
              [
                -71.5704831078999,
                41.9995355777305
              ],
              [
                -71.5703990687084,
                41.9995305094384
              ],
              [
                -71.5703072051908,
                41.9995196338383
              ],
              [
                -71.5702954444471,
                41.999473699411
              ],
              [
                -71.5702582739573,
                41.9994299753224
              ],
              [
                -71.5701869261642,
                41.9993943223034
              ],
              [
                -71.5701214228103,
                41.999349882509
              ],
              [
                -71.5700773963782,
                41.9992952573286
              ],
              [
                -71.5700450767909,
                41.9992311103168
              ],
              [
                -71.5699463950603,
                41.9992100412859
              ],
              [
                -71.5698378992353,
                41.9991809244878
              ],
              [
                -71.5696629631135,
                41.9991759082393
              ],
              [
                -71.5695847764461,
                41.9991665106164
              ],
              [
                -71.5695183298611,
                41.9991541355531
              ],
              [
                -71.5694752933725,
                41.9991067795679
              ],
              [
                -71.5693922045986,
                41.9990718193243
              ],
              [
                -71.5693208612971,
                41.999038361803
              ],
              [
                -71.5692387400087,
                41.9989895403738
              ],
              [
                -71.5691614938774,
                41.9989458646866
              ],
              [
                -71.5690950086649,
                41.9988963255272
              ],
              [
                -71.5690451404886,
                41.9988497043672
              ],
              [
                -71.5689747538928,
                41.9987936294173
              ],
              [
                -71.5689209528921,
                41.9987433284176
              ],
              [
                -71.5688398098692,
                41.9986879917308
              ],
              [
                -71.5687860070718,
                41.9986355416668
              ],
              [
                -71.5687419905212,
                41.9985837945352
              ],
              [
                -71.5687185157462,
                41.9985320814088
              ],
              [
                -71.568749714236,
                41.9984963851607
              ],
              [
                -71.5687497465754,
                41.9984963431023
              ],
              [
                -71.5688240111983,
                41.9985101796567
              ],
              [
                -71.568884625022,
                41.9985407614622
              ],
              [
                -71.5689393997965,
                41.9985909945276
              ],
              [
                -71.5690176026336,
                41.9986456463487
              ],
              [
                -71.5691114478347,
                41.9987046361354
              ],
              [
                -71.5691799084425,
                41.9987629082068
              ],
              [
                -71.5692649339841,
                41.9987766926311
              ],
              [
                -71.5694066117791,
                41.9987839012804
              ],
              [
                -71.5694838085031,
                41.9987867832712
              ],
              [
                -71.5695678369148,
                41.998785998184
              ],
              [
                -71.5696586916243,
                41.9987728633279
              ],
              [
                -71.5697348984048,
                41.9987662555096
              ],
              [
                -71.5697553530438,
                41.9987546374172
              ],
              [
                -71.5697553943663,
                41.9987546027025
              ],
              [
                -71.5696947832374,
                41.9986955922667
              ],
              [
                -71.569618491117,
                41.998624178571
              ],
              [
                -71.5695842509316,
                41.9985732045032
              ],
              [
                -71.5695646631669,
                41.9985170965976
              ],
              [
                -71.56956168615,
                41.9984580692517
              ],
              [
                -71.5695616843534,
                41.9984580285284
              ],
              [
                -71.569657425898,
                41.9984565304463
              ],
              [
                -71.5697492768392,
                41.998458671422
              ],
              [
                -71.5698313303047,
                41.998449907908
              ],
              [
                -71.5698498531167,
                41.9983937812011
              ],
              [
                -71.5697863512093,
                41.9983828406499
              ],
              [
                -71.5696622372747,
                41.9983727192364
              ],
              [
                -71.5696475273619,
                41.9983187795059
              ],
              [
                -71.5696621510364,
                41.9982626533508
              ],
              [
                -71.5696826020822,
                41.9982101575396
              ],
              [
                -71.5696835165671,
                41.9981460595039
              ],
              [
                -71.5696717755864,
                41.9980899024871
              ],
              [
                -71.5696208932121,
                41.9980447474509
              ],
              [
                -71.5695817841578,
                41.9979937522234
              ],
              [
                -71.5695514309827,
                41.9979369454973
              ],
              [
                -71.5694917873394,
                41.9978932343724
              ],
              [
                -71.5694262875788,
                41.997850211514
              ],
              [
                -71.5693744682616,
                41.9978109111716
              ],
              [
                -71.5693167820474,
                41.9977650035503
              ],
              [
                -71.5692551773818,
                41.9977235120848
              ],
              [
                -71.569174043342,
                41.9976776444566
              ],
              [
                -71.5691105180783,
                41.9976448424561
              ],
              [
                -71.5690420754368,
                41.9976018695001
              ],
              [
                -71.5689784971726,
                41.9975487142185
              ],
              [
                -71.5689706593718,
                41.9975027803715
              ],
              [
                -71.568941298835,
                41.9974532654578
              ],
              [
                -71.5688846061574,
                41.9974161152275
              ],
              [
                -71.5688093246417,
                41.9973687552784
              ],
              [
                -71.5687350339677,
                41.9973615284435
              ],
              [
                -71.5687027655843,
                41.9973462469395
              ],
              [
                -71.5686480276408,
                41.9972996299847
              ],
              [
                -71.5685561479536,
                41.9972690662757
              ],
              [
                -71.5685209780119,
                41.9972902160621
              ],
              [
                -71.5684467277621,
                41.9972924104856
              ],
              [
                -71.5683245847312,
                41.9972859220151
              ],
              [
                -71.5682542143051,
                41.9972728349172
              ],
              [
                -71.5682121767431,
                41.9972342372087
              ],
              [
                -71.5681759665523,
                41.997175234042
              ],
              [
                -71.5681290439517,
                41.9971271522289
              ],
              [
                -71.5680586645425,
                41.9971067454368
              ],
              [
                -71.5679902488504,
                41.9970856343108
              ],
              [
                -71.567877857032,
                41.9970551032119
              ],
              [
                -71.5678669155518,
                41.9970513699409
              ],
              [
                -71.567866938908,
                41.9970514300257
              ],
              [
                -71.5684955700624,
                41.9987106264376
              ],
              [
                -71.5685854024891,
                41.9989477245907
              ],
              [
                -71.5687916466952,
                41.9990830408115
              ],
              [
                -71.5690974952017,
                41.9992643728016
              ],
              [
                -71.5693575664596,
                41.9993941607479
              ],
              [
                -71.5696618608806,
                41.9995186284577
              ],
              [
                -71.5698548791908,
                41.999586447552
              ],
              [
                -71.5701067614065,
                41.9996641888444
              ],
              [
                -71.5703492122101,
                41.9997196495199
              ],
              [
                -71.570601519329,
                41.9997617204793
              ],
              [
                -71.5708657345153,
                41.9997914024523
              ],
              [
                -71.5710570693826,
                41.9997988145986
              ],
              [
                -71.5713274164691,
                41.9998177418372
              ],
              [
                -71.57213340201,
                41.999310218591
              ],
              [
                -71.5721536221887,
                41.999299138672
              ],
              [
                -71.5724056050158,
                41.999161086471
              ],
              [
                -71.5724056445417,
                41.9991610530917
              ],
              [
                -71.5726773840168,
                41.9989337452672
              ],
              [
                -71.5726774172545,
                41.9989337045442
              ],
              [
                -71.5731097377732,
                41.9987433844953
              ],
              [
                -71.5731243668376,
                41.9987445721405
              ]
            ]
          ],
          [
            [
              [
                -71.5800743833575,
                41.999524861016
              ],
              [
                -71.5800743429333,
                41.9995248670243
              ],
              [
                -71.5792308015253,
                41.9996552739554
              ],
              [
                -71.5792308886619,
                41.9996552979883
              ],
              [
                -71.5793933956934,
                41.9996991661197
              ],
              [
                -71.5795579436973,
                41.9997387990865
              ],
              [
                -71.5797242479075,
                41.9997741241303
              ],
              [
                -71.5798026196278,
                41.9997891640547
              ],
              [
                -71.5798141656742,
                41.9997912943043
              ],
              [
                -71.579829670596,
                41.9997941201727
              ],
              [
                -71.5798794273813,
                41.9998029222211
              ],
              [
                -71.5799233828464,
                41.9998099184636
              ],
              [
                -71.5799676374506,
                41.999815765132
              ],
              [
                -71.5800121399898,
                41.9998204575537
              ],
              [
                -71.5800568338701,
                41.9998239890531
              ],
              [
                -71.580101666091,
                41.9998263542897
              ],
              [
                -71.5801465818552,
                41.9998275505933
              ],
              [
                -71.5801915263655,
                41.9998275772965
              ],
              [
                -71.5802364439263,
                41.9998264343993
              ],
              [
                -71.5802812815371,
                41.9998241212339
              ],
              [
                -71.580325982604,
                41.999820643141
              ],
              [
                -71.5803704950246,
                41.9998160041257
              ],
              [
                -71.5804147631035,
                41.9998102095286
              ],
              [
                -71.5804287732286,
                41.9998079964997
              ],
              [
                -71.5804587320434,
                41.9998032640223
              ],
              [
                -71.580502349742,
                41.9997951789554
              ],
              [
                -71.5805195929039,
                41.9997916481219
              ],
              [
                -71.5805866081224,
                41.9997766035251
              ],
              [
                -71.5806528786375,
                41.9997598232144
              ],
              [
                -71.5807183227026,
                41.9997413285512
              ],
              [
                -71.5807828630625,
                41.9997211415641
              ],
              [
                -71.5808464179705,
                41.9996992842816
              ],
              [
                -71.5809089128665,
                41.9996757880784
              ],
              [
                -71.5809702686988,
                41.9996506783209
              ],
              [
                -71.581030413602,
                41.999623987051
              ],
              [
                -71.581089273016,
                41.9995957463107
              ],
              [
                -71.5811467741774,
                41.9995659901447
              ],
              [
                -71.5812028497123,
                41.9995347552679
              ],
              [
                -71.5812118508315,
                41.9995295260882
              ],
              [
                -71.581346053745,
                41.9994511103714
              ],
              [
                -71.5813460932709,
                41.9994510763246
              ],
              [
                -71.5810839918205,
                41.9991416503356
              ],
              [
                -71.5811822738007,
                41.9989938449873
              ],
              [
                -71.5811823016485,
                41.9989938062671
              ],
              [
                -71.5812733468009,
                41.9989397522376
              ],
              [
                -71.5813441286554,
                41.998897730804
              ],
              [
                -71.5814414548282,
                41.9987833772213
              ],
              [
                -71.5814414889642,
                41.9987833358307
              ],
              [
                -71.5813177101012,
                41.9987678477148
              ],
              [
                -71.5813176768635,
                41.9987678897731
              ],
              [
                -71.5812298890024,
                41.9988699483759
              ],
              [
                -71.5811712883031,
                41.998910055848
              ],
              [
                -71.5811019446514,
                41.9989355998309
              ],
              [
                -71.5809974032102,
                41.9989356739334
              ],
              [
                -71.58091139581,
                41.9989248282731
              ],
              [
                -71.5808224841564,
                41.9989233802712
              ],
              [
                -71.5807404176653,
                41.9989241713649
              ],
              [
                -71.5806661350762,
                41.9989242227693
              ],
              [
                -71.5806466066002,
                41.9989249451013
              ],
              [
                -71.5805332832288,
                41.9989344922999
              ],
              [
                -71.5804746573767,
                41.9989323600189
              ],
              [
                -71.5804081919272,
                41.9989054227746
              ],
              [
                -71.5803163050534,
                41.9988989024243
              ],
              [
                -71.5802332558054,
                41.9988997148813
              ],
              [
                -71.5801599667529,
                41.9989106720333
              ],
              [
                -71.5800798612841,
                41.9989347660116
              ],
              [
                -71.5799704743303,
                41.9989603373558
              ],
              [
                -71.5798737617068,
                41.9989924891142
              ],
              [
                -71.5797545956927,
                41.9990428593462
              ],
              [
                -71.5796755026252,
                41.9990698512745
              ],
              [
                -71.5795973662635,
                41.9991019689305
              ],
              [
                -71.5795309448314,
                41.9991340972517
              ],
              [
                -71.5794381425743,
                41.9991581964861
              ],
              [
                -71.579368811499,
                41.9991946941348
              ],
              [
                -71.5793122023648,
                41.9992326250704
              ],
              [
                -71.5792438270969,
                41.9992734699964
              ],
              [
                -71.5791637234247,
                41.9993004871951
              ],
              [
                -71.5791026900877,
                41.9993042704032
              ],
              [
                -71.5791027035624,
                41.9993043084555
              ],
              [
                -71.5791787136119,
                41.9995210083924
              ],
              [
                -71.5800455213857,
                41.999401241151
              ],
              [
                -71.5800743833575,
                41.999524861016
              ]
            ]
          ],
          [
            [
              [
                -71.5799413518471,
                42.0005588891391
              ],
              [
                -71.5799785115571,
                42.0005732552975
              ],
              [
                -71.5800069423375,
                42.0005850946918
              ],
              [
                -71.5800428372197,
                42.0006011504692
              ],
              [
                -71.5800779586523,
                42.0006181334999
              ],
              [
                -71.5801122635164,
                42.0006360184153
              ],
              [
                -71.5801457113877,
                42.0006547865228
              ],
              [
                -71.5801578494238,
                42.0006619422212
              ],
              [
                -71.5805365998088,
                42.0005022295662
              ],
              [
                -71.5806145331513,
                42.000469367605
              ],
              [
                -71.5807555560745,
                42.0006604495315
              ],
              [
                -71.5810857462302,
                42.000478656221
              ],
              [
                -71.5810858100106,
                42.0004786215072
              ],
              [
                -71.5808245529765,
                42.0004190305457
              ],
              [
                -71.5808244891961,
                42.0004190151914
              ],
              [
                -71.5808447776468,
                42.0004133301314
              ],
              [
                -71.5808448369356,
                42.0004133141096
              ],
              [
                -71.5805168449574,
                42.0000864870551
              ],
              [
                -71.5804723837407,
                41.9999459024326
              ],
              [
                -71.5801113616078,
                42.000027299611
              ],
              [
                -71.5797740469136,
                42.0001033480564
              ],
              [
                -71.57956726282,
                42.0001499682981
              ],
              [
                -71.5794550776141,
                42.0001752614422
              ],
              [
                -71.5794388747013,
                42.0001791454022
              ],
              [
                -71.5794228613331,
                42.0001834492676
              ],
              [
                -71.5794070608655,
                42.0001881683652
              ],
              [
                -71.579391491265,
                42.000193294684
              ],
              [
                -71.5793817436459,
                42.0001967801
              ],
              [
                -71.5793800188805,
                42.000197419638
              ],
              [
                -71.5793783147764,
                42.0001980865467
              ],
              [
                -71.5793749335177,
                42.0001994650917
              ],
              [
                -71.5793716501753,
                42.0002009671383
              ],
              [
                -71.5793700269196,
                42.000201739524
              ],
              [
                -71.5793684333083,
                42.000202544621
              ],
              [
                -71.5793652802217,
                42.0002041962045
              ],
              [
                -71.5793637252379,
                42.0002050426912
              ],
              [
                -71.5793622106783,
                42.0002059285648
              ],
              [
                -71.5793592201868,
                42.000207739699
              ],
              [
                -71.579357747848,
                42.000208664292
              ],
              [
                -71.5793563186284,
                42.0002096276044
              ],
              [
                -71.5793535051049,
                42.0002115902783
              ],
              [
                -71.579352123496,
                42.0002125896397
              ],
              [
                -71.5793520902583,
                42.0002126303619
              ],
              [
                -71.5793507885995,
                42.00021362238
              ],
              [
                -71.5793507553618,
                42.0002136644373
              ],
              [
                -71.5793481655189,
                42.0002157285826
              ],
              [
                -71.5793481331795,
                42.0002157706399
              ],
              [
                -71.5793468863179,
                42.0002168040476
              ],
              [
                -71.579346846792,
                42.0002168374265
              ],
              [
                -71.5793456493378,
                42.0002179035454
              ],
              [
                -71.5793456107102,
                42.0002179382594
              ],
              [
                -71.5793432292764,
                42.0002201392577
              ],
              [
                -71.5793431915471,
                42.0002201746392
              ],
              [
                -71.5793420443985,
                42.0002212714666
              ],
              [
                -71.5793420075676,
                42.0002213075157
              ],
              [
                -71.5793408801819,
                42.0002224143568
              ],
              [
                -71.5793408424527,
                42.0002224510735
              ],
              [
                -71.5793386739196,
                42.0002247695649
              ],
              [
                -71.5793386370886,
                42.0002248076168
              ],
              [
                -71.5793366033028,
                42.0002271915306
              ],
              [
                -71.5793365691669,
                42.0002272315852
              ],
              [
                -71.5793355971897,
                42.0002284151973
              ],
              [
                -71.5793355639521,
                42.0002284565871
              ],
              [
                -71.5793346368907,
                42.0002296595589
              ],
              [
                -71.5793346045513,
                42.0002297016162
              ],
              [
                -71.5793327737848,
                42.0002321743175
              ],
              [
                -71.5793327423437,
                42.0002322163748
              ],
              [
                -71.5793318727745,
                42.0002334427117
              ],
              [
                -71.5793318413335,
                42.0002334861042
              ],
              [
                -71.5793310292565,
                42.0002347331359
              ],
              [
                -71.5793310005104,
                42.0002347771959
              ],
              [
                -71.5793294042042,
                42.0002373393521
              ],
              [
                -71.5793293763564,
                42.0002373834121
              ],
              [
                -71.5793286226698,
                42.0002386511387
              ],
              [
                -71.5793285966187,
                42.0002386951987
              ],
              [
                -71.5793278887463,
                42.0002399782795
              ],
              [
                -71.5793278635934,
                42.0002400243422
              ],
              [
                -71.5793264864761,
                42.000242654591
              ],
              [
                -71.5793264622216,
                42.0002427006537
              ],
              [
                -71.5793252728522,
                42.0002453836408
              ],
              [
                -71.5793246934388,
                42.0002467541739
              ],
              [
                -71.5793241517547,
                42.0002481320502
              ],
              [
                -71.5793231348618,
                42.0002509031571
              ],
              [
                -71.5793222994286,
                42.0002537096454
              ],
              [
                -71.5793219167463,
                42.0002551162274
              ],
              [
                -71.5793215708949,
                42.0002565294851
              ],
              [
                -71.5793209465658,
                42.0002593653464
              ],
              [
                -71.5793205126795,
                42.0002622205673
              ],
              [
                -71.5793203276265,
                42.0002636505143
              ],
              [
                -71.5793201964725,
                42.0002650824639
              ],
              [
                -71.5793200024364,
                42.0002679517037
              ],
              [
                -71.5793199377577,
                42.0002693876586
              ],
              [
                -71.5793199404526,
                42.0002708236136
              ],
              [
                -71.5793200132162,
                42.0002736955234
              ],
              [
                -71.5793200823864,
                42.0002751301431
              ],
              [
                -71.5793202054556,
                42.0002765640952
              ],
              [
                -71.5793205189677,
                42.0002794273262
              ],
              [
                -71.5793210238209,
                42.0002822772056
              ],
              [
                -71.5793213076885,
                42.0002836964709
              ],
              [
                -71.5793216445567,
                42.0002851103956
              ],
              [
                -71.5793223874634,
                42.0002879302338
              ],
              [
                -71.579322790807,
                42.0002893341447
              ],
              [
                -71.5793232588293,
                42.0002907267069
              ],
              [
                -71.5793242622475,
                42.0002935011497
              ],
              [
                -71.5793247958467,
                42.0002948816954
              ],
              [
                -71.5793253914298,
                42.0002962455516
              ],
              [
                -71.5793266508678,
                42.0002989625829
              ],
              [
                -71.5793273129262,
                42.0003003104172
              ],
              [
                -71.5793280225952,
                42.0003016455676
              ],
              [
                -71.5793295066121,
                42.0003042971762
              ],
              [
                -71.5793311658004,
                42.0003068893705
              ],
              [
                -71.5793320245898,
                42.0003081751202
              ],
              [
                -71.5793329184135,
                42.0003094481859
              ],
              [
                -71.5793347662481,
                42.0003119682819
              ],
              [
                -71.5793367802709,
                42.0003144182824
              ],
              [
                -71.5793378169268,
                42.0003156292636
              ],
              [
                -71.5793388949051,
                42.0003168182147
              ],
              [
                -71.5793411092523,
                42.0003191700815
              ],
              [
                -71.5793422429262,
                42.000320331662
              ],
              [
                -71.5793434197192,
                42.000321467207
              ],
              [
                -71.5793458254075,
                42.0003237115941
              ],
              [
                -71.5793483784196,
                42.0003258625206
              ],
              [
                -71.5793496791801,
                42.0003269226296
              ],
              [
                -71.5793510086867,
                42.0003279607086
              ],
              [
                -71.5793537171073,
                42.0003300041554
              ],
              [
                -71.5793565584786,
                42.0003319454631
              ],
              [
                -71.5793580011729,
                42.0003328960897
              ],
              [
                -71.5793594789016,
                42.000333817343
              ],
              [
                -71.5793624765796,
                42.0003356211302
              ],
              [
                -71.5793639947325,
                42.0003365036642
              ],
              [
                -71.5793655542078,
                42.0003373461436
              ],
              [
                -71.5793687135827,
                42.0003389903804
              ],
              [
                -71.5793703107873,
                42.0003397914701
              ],
              [
                -71.5793719448227,
                42.0003405505027
              ],
              [
                -71.5793752497247,
                42.0003420265105
              ],
              [
                -71.5793769187945,
                42.0003427421506
              ],
              [
                -71.5793786175087,
                42.0003434184039
              ],
              [
                -71.5799413518471,
                42.0005588891391
              ]
            ]
          ],
          [
            [
              [
                -71.5783953072256,
                42.0009998933422
              ],
              [
                -71.5783952685981,
                42.0009999267206
              ],
              [
                -71.5782217167801,
                42.0011480985762
              ],
              [
                -71.5782216772542,
                42.001148132622
              ],
              [
                -71.5779883641137,
                42.0013473254188
              ],
              [
                -71.5779883254862,
                42.0013473594646
              ],
              [
                -71.577713802132,
                42.0015817348223
              ],
              [
                -71.5782195069245,
                42.0019400415806
              ],
              [
                -71.5785000966018,
                42.0017112924067
              ],
              [
                -71.5785001361277,
                42.0017112596963
              ],
              [
                -71.5785882985863,
                42.0016393854299
              ],
              [
                -71.5785883381122,
                42.0016393527194
              ],
              [
                -71.5787450599933,
                42.0015115833885
              ],
              [
                -71.5787451004175,
                42.0015115506779
              ],
              [
                -71.5789044840068,
                42.0013816115079
              ],
              [
                -71.578904524431,
                42.0013815787973
              ],
              [
                -71.5789231105742,
                42.0013664104094
              ],
              [
                -71.5791714273766,
                42.0011639806443
              ],
              [
                -71.5791714678008,
                42.001163947266
              ],
              [
                -71.5791771262888,
                42.0011593343838
              ],
              [
                -71.579177166713,
                42.001159301673
              ],
              [
                -71.579395007271,
                42.0009817014477
              ],
              [
                -71.5793950405087,
                42.000981660726
              ],
              [
                -71.5794918914727,
                42.0010376215965
              ],
              [
                -71.5796921178647,
                42.0009093944402
              ],
              [
                -71.5799849138501,
                42.0007203313278
              ],
              [
                -71.5799849578676,
                42.000720295279
              ],
              [
                -71.579961096817,
                42.0007086815488
              ],
              [
                -71.5799302837044,
                42.000694687258
              ],
              [
                -71.5798988336863,
                42.0006815033957
              ],
              [
                -71.5798667862886,
                42.0006691466514
              ],
              [
                -71.5792077768063,
                42.0004168836278
              ],
              [
                -71.5792057681733,
                42.000416132607
              ],
              [
                -71.5792037352858,
                42.0004154203056
              ],
              [
                -71.5791996335782,
                42.0004140504437
              ],
              [
                -71.5791975674531,
                42.0004133922158
              ],
              [
                -71.5791954734801,
                42.0004127893964
              ],
              [
                -71.5791912531949,
                42.0004116344933
              ],
              [
                -71.5791891322725,
                42.0004110844123
              ],
              [
                -71.579186985299,
                42.0004105917427
              ],
              [
                -71.579182668894,
                42.0004096591417
              ],
              [
                -71.5791805012593,
                42.0004092212132
              ],
              [
                -71.5791783147599,
                42.0004088406959
              ],
              [
                -71.5791739193032,
                42.0004081357377
              ],
              [
                -71.5791717157358,
                42.0004078126319
              ],
              [
                -71.579169499592,
                42.0004075462698
              ],
              [
                -71.5791650493381,
                42.0004070716246
              ],
              [
                -71.5791628215162,
                42.0004068633415
              ],
              [
                -71.5791605856094,
                42.0004067124698
              ],
              [
                -71.5791561021178,
                42.0004064701404
              ],
              [
                -71.5791538608212,
                42.0004063786827
              ],
              [
                -71.579151615033,
                42.000406345304
              ],
              [
                -71.5791471207616,
                42.0004063352904
              ],
              [
                -71.5791448758718,
                42.0004063606582
              ],
              [
                -71.5791426300836,
                42.0004064314211
              ],
              [
                -71.5791381447953,
                42.0004066316933
              ],
              [
                -71.5791336774734,
                42.0004069981915
              ],
              [
                -71.5791314487532,
                42.0004072091449
              ],
              [
                -71.5791292263212,
                42.0004074561473
              ],
              [
                -71.5791247922369,
                42.0004080062283
              ],
              [
                -71.5791204021701,
                42.0004087205326
              ],
              [
                -71.5791182156707,
                42.0004091057229
              ],
              [
                -71.5791160444427,
                42.0004095356406
              ],
              [
                -71.5791117217496,
                42.0004104522197
              ],
              [
                -71.5791095720811,
                42.000410937546
              ],
              [
                -71.5791074475654,
                42.0004114796162
              ],
              [
                -71.5791032191954,
                42.0004126184974
              ],
              [
                -71.5791011216292,
                42.000413214641
              ],
              [
                -71.5790990528091,
                42.0004138655257
              ],
              [
                -71.57909494122,
                42.0004152213685
              ],
              [
                -71.579092903841,
                42.0004159256591
              ],
              [
                -71.5790909014962,
                42.000416682688
              ],
              [
                -71.5790869273494,
                42.000418248149
              ],
              [
                -71.5790849600389,
                42.0004190572486
              ],
              [
                -71.579083031356,
                42.0004199177514
              ],
              [
                -71.5790792153127,
                42.0004216861548
              ],
              [
                -71.5790773288506,
                42.0004225947229
              ],
              [
                -71.5790754558632,
                42.000423520648
              ],
              [
                -71.5790718428391,
                42.0004255166939
              ],
              [
                -71.5790700462086,
                42.000426520725
              ],
              [
                -71.5790682971887,
                42.0004275714863
              ],
              [
                -71.5790648458614,
                42.000429719739
              ],
              [
                -71.5790631471472,
                42.0004308152277
              ],
              [
                -71.5790614897555,
                42.0004319454302
              ],
              [
                -71.5790582252778,
                42.0004342492274
              ],
              [
                -71.5790551242934,
                42.0004366825338
              ],
              [
                -71.5790550847675,
                42.0004367132422
              ],
              [
                -71.5790536007507,
                42.0004379122047
              ],
              [
                -71.5790535603265,
                42.0004379442483
              ],
              [
                -71.5790521077507,
                42.0004391632379
              ],
              [
                -71.5790520673265,
                42.0004391966166
              ],
              [
                -71.5788429637828,
                42.0006176962403
              ],
              [
                -71.5788429233587,
                42.0006177302864
              ],
              [
                -71.5786374795515,
                42.0007931332196
              ],
              [
                -71.5786374400256,
                42.000793166598
              ],
              [
                -71.5785110803028,
                42.0009010498295
              ],
              [
                -71.5785110416753,
                42.0009010832079
              ],
              [
                -71.5783953072256,
                42.0009998933422
              ]
            ]
          ],
          [
            [
              [
                -71.6631011663057,
                42.1116425560454
              ],
              [
                -71.6632056610345,
                42.111607774982
              ],
              [
                -71.6634824831775,
                42.111515638925
              ],
              [
                -71.6635508314959,
                42.1116063202172
              ],
              [
                -71.663954826337,
                42.1114761716139
              ],
              [
                -71.6639548766427,
                42.1114761556201
              ],
              [
                -71.6638675271594,
                42.1113447992165
              ],
              [
                -71.6641022704179,
                42.1112572250195
              ],
              [
                -71.664563437637,
                42.11109115279
              ],
              [
                -71.6648188196891,
                42.1114505695617
              ],
              [
                -71.6654058929818,
                42.1112261989664
              ],
              [
                -71.6656133202691,
                42.1111712027724
              ],
              [
                -71.6671882448286,
                42.1108538178359
              ],
              [
                -71.6678725966834,
                42.11082489279
              ],
              [
                -71.667872632616,
                42.1108248907908
              ],
              [
                -71.6678601927459,
                42.1106967578235
              ],
              [
                -71.667828236078,
                42.1103675915522
              ],
              [
                -71.6665515360232,
                42.1104253907339
              ],
              [
                -71.6657619968385,
                42.1104884558979
              ],
              [
                -71.6657416850316,
                42.1103409294452
              ],
              [
                -71.6656731327957,
                42.1098157753513
              ],
              [
                -71.6650397926726,
                42.1098488473523
              ],
              [
                -71.6650146973368,
                42.1094237162809
              ],
              [
                -71.6650146946419,
                42.109423677628
              ],
              [
                -71.6654464968326,
                42.1093944693634
              ],
              [
                -71.665650468301,
                42.1093502744105
              ],
              [
                -71.6658733798489,
                42.1093188155771
              ],
              [
                -71.6661515045491,
                42.1092433776242
              ],
              [
                -71.6664249121957,
                42.109200101575
              ],
              [
                -71.6665293027199,
                42.1091942956234
              ],
              [
                -71.6665293440424,
                42.1091942936241
              ],
              [
                -71.6664431902168,
                42.1088499055031
              ],
              [
                -71.6660475272499,
                42.1089111102164
              ],
              [
                -71.6657711479763,
                42.1089538633121
              ],
              [
                -71.6657434511195,
                42.1088065245549
              ],
              [
                -71.6656917261254,
                42.1085541355371
              ],
              [
                -71.665668654694,
                42.1084415573446
              ],
              [
                -71.6655697429947,
                42.1084496912382
              ],
              [
                -71.6655662611246,
                42.1084499784736
              ],
              [
                -71.6655634889237,
                42.1084502063959
              ],
              [
                -71.6654794299693,
                42.1084571193715
              ],
              [
                -71.6652608348263,
                42.10847509657
              ],
              [
                -71.6652608411145,
                42.1084751352235
              ],
              [
                -71.6652721266495,
                42.1085492905303
              ],
              [
                -71.6653319921766,
                42.1089426492243
              ],
              [
                -71.665331956244,
                42.1089426612201
              ],
              [
                -71.665208046227,
                42.1089836555757
              ],
              [
                -71.6652080129893,
                42.1089836962282
              ],
              [
                -71.664878183058,
                42.109374346522
              ],
              [
                -71.6648998576092,
                42.1096004397228
              ],
              [
                -71.66489981988,
                42.1096004163978
              ],
              [
                -71.6648450918179,
                42.1095673436008
              ],
              [
                -71.664226095095,
                42.1095789527696
              ],
              [
                -71.6635210164116,
                42.1097050214087
              ],
              [
                -71.6635210092251,
                42.1097050587286
              ],
              [
                -71.6634160204229,
                42.1102318084845
              ],
              [
                -71.6633916024169,
                42.110378055
              ],
              [
                -71.6627390158888,
                42.110291408457
              ],
              [
                -71.6622371343261,
                42.1101934959482
              ],
              [
                -71.6622371118682,
                42.1101935405983
              ],
              [
                -71.6621332531466,
                42.1106858385999
              ],
              [
                -71.6621925931593,
                42.1106963859635
              ],
              [
                -71.6622274558772,
                42.1107025836301
              ],
              [
                -71.6625429594764,
                42.1107586664874
              ],
              [
                -71.6625432675985,
                42.1107587217998
              ],
              [
                -71.6626175223399,
                42.1107719208167
              ],
              [
                -71.6625877943922,
                42.1108894956395
              ],
              [
                -71.6626679878959,
                42.1110083517557
              ],
              [
                -71.6628366340141,
                42.1111116416126
              ],
              [
                -71.662982249125,
                42.1114489581875
              ],
              [
                -71.6631011663057,
                42.1116425560454
              ]
            ]
          ],
          [
            [
              [
                -71.5444845951563,
                42.1331955960153
              ],
              [
                -71.5444338178848,
                42.1332192806799
              ],
              [
                -71.5443657848751,
                42.1332510167708
              ],
              [
                -71.5443492217379,
                42.1332587431099
              ],
              [
                -71.5443398828522,
                42.1332630999173
              ],
              [
                -71.5443391462337,
                42.1332634429993
              ],
              [
                -71.5438641880783,
                42.1334849922576
              ],
              [
                -71.5438558355428,
                42.1334888860571
              ],
              [
                -71.543847647399,
                42.133493330784
              ],
              [
                -71.5438271316745,
                42.1335090778519
              ],
              [
                -71.5438270984369,
                42.1335091191547
              ],
              [
                -71.5438239040277,
                42.1335124367107
              ],
              [
                -71.5438238662985,
                42.1335124746827
              ],
              [
                -71.5438117219742,
                42.1335296540235
              ],
              [
                -71.5438116905331,
                42.1335296979911
              ],
              [
                -71.5438115548875,
                42.1335299671261
              ],
              [
                -71.543811530633,
                42.1335300137584
              ],
              [
                -71.5438088015512,
                42.1335358427953
              ],
              [
                -71.5438087799916,
                42.1335358887615
              ],
              [
                -71.5438068270542,
                42.1335412881146
              ],
              [
                -71.5438049136426,
                42.1335488911758
              ],
              [
                -71.5438044195692,
                42.1335518656493
              ],
              [
                -71.5438039443604,
                42.1335560392383
              ],
              [
                -71.5438037116968,
                42.1335611188256
              ],
              [
                -71.5438037224765,
                42.1335622126855
              ],
              [
                -71.5438043665686,
                42.1335703706682
              ],
              [
                -71.5438045219772,
                42.1335715937659
              ],
              [
                -71.5438062754886,
                42.133579362035
              ],
              [
                -71.5438082904098,
                42.1335853469523
              ],
              [
                -71.5438083658683,
                42.1335855328152
              ],
              [
                -71.5438090009771,
                42.1335871169795
              ],
              [
                -71.5438154760337,
                42.1335992646809
              ],
              [
                -71.5438174658021,
                42.1336021652066
              ],
              [
                -71.5438191402618,
                42.1336044761674
              ],
              [
                -71.5439612977572,
                42.1337782649712
              ],
              [
                -71.544052301587,
                42.1338924349411
              ],
              [
                -71.5442800568509,
                42.1338352160812
              ],
              [
                -71.5442800963768,
                42.1338352060886
              ],
              [
                -71.5442800739189,
                42.1338351068289
              ],
              [
                -71.5442789725844,
                42.1338303237104
              ],
              [
                -71.5442779934207,
                42.1338260748619
              ],
              [
                -71.5442670923647,
                42.1337908156705
              ],
              [
                -71.5442670187029,
                42.1337904892458
              ],
              [
                -71.5442596597041,
                42.1337580272963
              ],
              [
                -71.5442529591704,
                42.1337175792403
              ],
              [
                -71.5442409163557,
                42.1336839128107
              ],
              [
                -71.5442284728924,
                42.1336574377156
              ],
              [
                -71.5442270598424,
                42.1336374877896
              ],
              [
                -71.5442270104351,
                42.1336364172471
              ],
              [
                -71.544226235189,
                42.1336196509635
              ],
              [
                -71.54420121621,
                42.133584672117
              ],
              [
                -71.5441897393339,
                42.1335735629799
              ],
              [
                -71.5441708315938,
                42.133553110065
              ],
              [
                -71.5441628078417,
                42.1335444297985
              ],
              [
                -71.5441511054885,
                42.133530937744
              ],
              [
                -71.5441345441479,
                42.1335118398171
              ],
              [
                -71.5441152878615,
                42.1334956290913
              ],
              [
                -71.5441152573188,
                42.1334955391576
              ],
              [
                -71.5441060513837,
                42.1334672319989
              ],
              [
                -71.5441070997177,
                42.1334584631191
              ],
              [
                -71.5441086897357,
                42.1334451669023
              ],
              [
                -71.5441165068753,
                42.1334356578972
              ],
              [
                -71.544116540113,
                42.1334356179266
              ],
              [
                -71.5441205933116,
                42.1334306868867
              ],
              [
                -71.5441206337357,
                42.133430654244
              ],
              [
                -71.5441328184843,
                42.1334205709923
              ],
              [
                -71.5441328589084,
                42.1334205376835
              ],
              [
                -71.5441419265029,
                42.1334130338672
              ],
              [
                -71.5441419597406,
                42.1334129918981
              ],
              [
                -71.5441500293068,
                42.1334026568287
              ],
              [
                -71.5441500625444,
                42.1334026161918
              ],
              [
                -71.5441571179127,
                42.133380950113
              ],
              [
                -71.544165233293,
                42.1333689256125
              ],
              [
                -71.5441652710222,
                42.1333688876404
              ],
              [
                -71.544174818317,
                42.133358868998
              ],
              [
                -71.544174855148,
                42.1333588310259
              ],
              [
                -71.5441840215571,
                42.1333492160857
              ],
              [
                -71.5441840538965,
                42.1333491741165
              ],
              [
                -71.5441988311829,
                42.1333389589486
              ],
              [
                -71.5442482160657,
                42.1333121579483
              ],
              [
                -71.5442691495067,
                42.1333027921515
              ],
              [
                -71.5443101333449,
                42.1332843629988
              ],
              [
                -71.5443442235117,
                42.1332674727128
              ],
              [
                -71.5443603644407,
                42.1332575599768
              ],
              [
                -71.5443819985677,
                42.1332470956434
              ],
              [
                -71.544414762821,
                42.1332309481369
              ],
              [
                -71.5444394188806,
                42.1332193846038
              ],
              [
                -71.544485007483,
                42.1331961795883
              ],
              [
                -71.5444959462682,
                42.1331903265377
              ],
              [
                -71.544496319069,
                42.1331901266839
              ],
              [
                -71.5444845951563,
                42.1331955960153
              ]
            ]
          ]
        ]
      }
    }
  ]
}
