{
  "$schema": "https://ripota.org/schemas/web/v1/display-geojson.schema.json",
  "type": "FeatureCollection",
  "properties": {
    "schemaVersion": 1,
    "geometryRole": "display",
    "geometryKind": "boundary",
    "potaReference": "US-6979",
    "potaName": "Arcadia Management Area",
    "sourceName": "Rhode Island DEM State Conservation Land",
    "sourceUrl": "https://risegis.ri.gov/hosting/rest/services/RIDEM/State_Conservation_Land/MapServer/0",
    "sourceQuery": "DEM_AREA = 'Arcadia Management Area'",
    "sourceFeatureIds": [
      13,
      14,
      35,
      95,
      102,
      112,
      115,
      124,
      126,
      155,
      156,
      158,
      159,
      165,
      171,
      190,
      226,
      274,
      289,
      290,
      296,
      332,
      359,
      360,
      367,
      369,
      399,
      407,
      408,
      409,
      412,
      414,
      415,
      416,
      417,
      418,
      419,
      420,
      427,
      428,
      431,
      438,
      482,
      518,
      523,
      524,
      529,
      562,
      575,
      616,
      625,
      651,
      652,
      693,
      694,
      695,
      764,
      765,
      778,
      796,
      797,
      799,
      800,
      801,
      802,
      803,
      804,
      805,
      806,
      807,
      808,
      809,
      810,
      811,
      812,
      813,
      814,
      815,
      816,
      817,
      818,
      819,
      820,
      821,
      822,
      823,
      824,
      825,
      826,
      827,
      828,
      829,
      830,
      831,
      832,
      833,
      834,
      835,
      836,
      837,
      838,
      839,
      840,
      841,
      842,
      843,
      844,
      845,
      846,
      847,
      848,
      849,
      850,
      851,
      852,
      853,
      854,
      855,
      856,
      857,
      858,
      859,
      862,
      863,
      893,
      910,
      929
    ],
    "fidelity": "web",
    "detailedArtifact": "@ripota/parks/boundaries/us-6979.geojson"
  },
  "features": [
    {
      "type": "Feature",
      "properties": {
        "potaReference": "US-6979",
        "potaName": "Arcadia Management Area",
        "geometryKind": "boundary",
        "geometryRole": "display",
        "fidelity": "web"
      },
      "geometry": {
        "type": "MultiPolygon",
        "coordinates": [
          [
            [
              [
                -71.6850285340662,
                41.55351095963331
              ],
              [
                -71.68487885690466,
                41.55366153895325
              ],
              [
                -71.68456017016604,
                41.55606299714314
              ],
              [
                -71.68844886204842,
                41.55603375269247
              ],
              [
                -71.68457469872047,
                41.55606310167761
              ],
              [
                -71.68436579932639,
                41.55733126933524
              ],
              [
                -71.6843770758005,
                41.55763328327227
              ],
              [
                -71.68444678282978,
                41.55780771579567
              ],
              [
                -71.68454369438574,
                41.557954766337936
              ],
              [
                -71.68519455662569,
                41.55856114950122
              ],
              [
                -71.68541384179004,
                41.55880717551305
              ],
              [
                -71.68557395042846,
                41.55905013267467
              ],
              [
                -71.68636668387306,
                41.560508255562986
              ],
              [
                -71.6877826842377,
                41.5639695943129
              ],
              [
                -71.68894584821277,
                41.56355824450672
              ],
              [
                -71.68869003741364,
                41.56318489146935
              ],
              [
                -71.68911230841697,
                41.56292550944812
              ],
              [
                -71.6894645356991,
                41.56405932422725
              ],
              [
                -71.69055336870069,
                41.564016531548205
              ],
              [
                -71.69081706657443,
                41.56480435010217
              ],
              [
                -71.688012060732,
                41.56490543483826
              ],
              [
                -71.68610880818154,
                41.56032878613941
              ],
              [
                -71.68529103679371,
                41.55888059516072
              ],
              [
                -71.68500449786409,
                41.55854230974135
              ],
              [
                -71.68443566377296,
                41.55804143929254
              ],
              [
                -71.68430452620012,
                41.55785140349915
              ],
              [
                -71.68424125728315,
                41.557685199064196
              ],
              [
                -71.68420454715803,
                41.557392572721305
              ],
              [
                -71.68442657339985,
                41.55563066637649
              ],
              [
                -71.68482298720252,
                41.553347101039336
              ],
              [
                -71.68530628751884,
                41.55335321473855
              ],
              [
                -71.68588784027196,
                41.55326104939165
              ],
              [
                -71.68653116366873,
                41.553217663556744
              ],
              [
                -71.68780338014794,
                41.55297904622927
              ],
              [
                -71.68900596932883,
                41.55283927238398
              ],
              [
                -71.68928234838678,
                41.552853208580856
              ],
              [
                -71.68955827786748,
                41.55293641214359
              ],
              [
                -71.6906790024502,
                41.55289858983219
              ],
              [
                -71.69492148345473,
                41.55245118257891
              ],
              [
                -71.69433167869485,
                41.5516299554989
              ],
              [
                -71.69292211425335,
                41.54933351142498
              ],
              [
                -71.69300170427069,
                41.549267733677326
              ],
              [
                -71.69299905636984,
                41.548973060006844
              ],
              [
                -71.69285457218126,
                41.54874433240967
              ],
              [
                -71.69283934436515,
                41.54841560212109
              ],
              [
                -71.69274886851419,
                41.548342102506076
              ],
              [
                -71.69444930173852,
                41.54844213811645
              ],
              [
                -71.69459332000906,
                41.5484071226151
              ],
              [
                -71.69377474200131,
                41.547121799381905
              ],
              [
                -71.6939460803426,
                41.54707262244073
              ],
              [
                -71.69951962038769,
                41.54674294512539
              ],
              [
                -71.6993769667883,
                41.546442968860205
              ],
              [
                -71.69930361938505,
                41.54606668999473
              ],
              [
                -71.6992548942617,
                41.54599153032387
              ],
              [
                -71.69911429250459,
                41.546045706809956
              ],
              [
                -71.6990355030435,
                41.54621953879889
              ],
              [
                -71.69886047958659,
                41.54606226287103
              ],
              [
                -71.69884454585802,
                41.54595369432556
              ],
              [
                -71.69889943034114,
                41.5458362839965
              ],
              [
                -71.69913766957293,
                41.54569573515421
              ],
              [
                -71.69920564435351,
                41.545595423689576
              ],
              [
                -71.69921289796584,
                41.54552951658597
              ],
              [
                -71.69891231193212,
                41.544843413722695
              ],
              [
                -71.69888330891452,
                41.544627304381045
              ],
              [
                -71.69877081922836,
                41.54446704157566
              ],
              [
                -71.69874400429069,
                41.54450735576445
              ],
              [
                -71.69871963589654,
                41.54478659321948
              ],
              [
                -71.6988683621089,
                41.5450284662644
              ],
              [
                -71.69883988899494,
                41.545107350352666
              ],
              [
                -71.69867804262559,
                41.54509563068675
              ],
              [
                -71.69879580130316,
                41.545217389474544
              ],
              [
                -71.69886424223658,
                41.545351340889376
              ],
              [
                -71.69884203284364,
                41.54539361086589
              ],
              [
                -71.69876266502008,
                41.5454271027713
              ],
              [
                -71.69854401580521,
                41.545392611353996
              ],
              [
                -71.69822990520031,
                41.54527112613028
              ],
              [
                -71.6973940481631,
                41.54503336817491
              ],
              [
                -71.69711120339517,
                41.54489780904585
              ],
              [
                -71.69695730323986,
                41.54470697540427
              ],
              [
                -71.69692283950828,
                41.54455927162862
              ],
              [
                -71.69694523113168,
                41.54448708106697
              ],
              [
                -71.6970757257605,
                41.544358723052355
              ],
              [
                -71.69746561599071,
                41.54425445339532
              ],
              [
                -71.69805103929248,
                41.54422708700518
              ],
              [
                -71.69820925065969,
                41.54416694972659
              ],
              [
                -71.69827805249759,
                41.544055347451255
              ],
              [
                -71.6982016344102,
                41.543918948657804
              ],
              [
                -71.6979652163931,
                41.543723885367164
              ],
              [
                -71.69758283513191,
                41.543536080153444
              ],
              [
                -71.69735495151087,
                41.54338097615462
              ],
              [
                -71.69711956263663,
                41.54332085521389
              ],
              [
                -71.69704478579546,
                41.54314604606073
              ],
              [
                -71.69685563174356,
                41.54298972039882
              ],
              [
                -71.69691314739484,
                41.54279785913876
              ],
              [
                -71.69681352613942,
                41.542650566663454
              ],
              [
                -71.69682051266321,
                41.542510901609134
              ],
              [
                -71.69675226770629,
                41.5422439060862
              ],
              [
                -71.69680307521263,
                41.54206584030731
              ],
              [
                -71.69509621686328,
                41.54263459216153
              ],
              [
                -71.69474456748652,
                41.54270871804602
              ],
              [
                -71.69300669840031,
                41.542883217901874
              ],
              [
                -71.69275485296849,
                41.54354734722913
              ],
              [
                -71.69260018258039,
                41.54411375757786
              ],
              [
                -71.69258711495453,
                41.54454572666861
              ],
              [
                -71.6926363886581,
                41.54479979712884
              ],
              [
                -71.6927784998112,
                41.545210903562115
              ],
              [
                -71.69262828054877,
                41.5452713387098
              ],
              [
                -71.68541703501317,
                41.54570138970953
              ],
              [
                -71.68563343504826,
                41.54253169453179
              ],
              [
                -71.68574818641332,
                41.54151811471748
              ],
              [
                -71.68585290968835,
                41.53859548883993
              ],
              [
                -71.68460447005344,
                41.53790054372797
              ],
              [
                -71.68462867497088,
                41.53752059035829
              ],
              [
                -71.68349744290782,
                41.53682589593892
              ],
              [
                -71.68104334752341,
                41.536998869787425
              ],
              [
                -71.68099689594544,
                41.537021659610566
              ],
              [
                -71.67965815623816,
                41.53864937239257
              ],
              [
                -71.67837533844917,
                41.540118930806536
              ],
              [
                -71.6771214196762,
                41.54290531604393
              ],
              [
                -71.67565717684674,
                41.54712394918074
              ],
              [
                -71.67547564672986,
                41.54876536141919
              ],
              [
                -71.67498783513517,
                41.548853409490256
              ],
              [
                -71.67321784427992,
                41.55180667527733
              ],
              [
                -71.67259934827474,
                41.552691806752534
              ],
              [
                -71.67043161094381,
                41.55598816350488
              ],
              [
                -71.67034574326361,
                41.55650904985673
              ],
              [
                -71.6703855180181,
                41.55705916995824
              ],
              [
                -71.67081714351113,
                41.558848801013994
              ],
              [
                -71.66837024752724,
                41.5589911919847
              ],
              [
                -71.66795558411955,
                41.559542785754225
              ],
              [
                -71.66610341270437,
                41.56222024317663
              ],
              [
                -71.66434505796393,
                41.565259570321345
              ],
              [
                -71.6635538499692,
                41.56707612133288
              ],
              [
                -71.66317708913932,
                41.56818764704383
              ],
              [
                -71.66287500113911,
                41.5693119607948
              ],
              [
                -71.6656045115028,
                41.56912058763669
              ],
              [
                -71.66859332120727,
                41.56918998610934
              ],
              [
                -71.66913576741398,
                41.56916089683664
              ],
              [
                -71.6732553211739,
                41.568439869965964
              ],
              [
                -71.68351891233242,
                41.567572528806615
              ],
              [
                -71.68329678758217,
                41.5695475803483
              ],
              [
                -71.68330507651292,
                41.57006777664184
              ],
              [
                -71.69033104089102,
                41.57060674407131
              ],
              [
                -71.69022904608359,
                41.57029789549463
              ],
              [
                -71.69021373355199,
                41.56994415549258
              ],
              [
                -71.69046670605363,
                41.5688704943558
              ],
              [
                -71.69481804073821,
                41.56849776526715
              ],
              [
                -71.6952793570676,
                41.57220711604584
              ],
              [
                -71.69136382623593,
                41.57260875864284
              ],
              [
                -71.6913731576739,
                41.57343203512644
              ],
              [
                -71.69028076197058,
                41.57350222018426
              ],
              [
                -71.6900892039583,
                41.57503921959883
              ],
              [
                -71.68989223065412,
                41.57527165545558
              ],
              [
                -71.68802546373534,
                41.575232100308895
              ],
              [
                -71.68782884785891,
                41.57528150039887
              ],
              [
                -71.68771912818207,
                41.575345264313775
              ],
              [
                -71.68758506761263,
                41.57552555160328
              ],
              [
                -71.68751401954333,
                41.57667219042929
              ],
              [
                -71.68741796124884,
                41.57688087735863
              ],
              [
                -71.68725900620599,
                41.577066636779364
              ],
              [
                -71.6894217077589,
                41.57704405412909
              ],
              [
                -71.68858641279067,
                41.57724481120237
              ],
              [
                -71.69309039479307,
                41.57718024262637
              ],
              [
                -71.69782027268678,
                41.577025693536136
              ],
              [
                -71.70731319119488,
                41.576690937563974
              ],
              [
                -71.70943535634903,
                41.57660133057844
              ],
              [
                -71.70998714949936,
                41.57652885663953
              ],
              [
                -71.71242186540877,
                41.57597408306246
              ],
              [
                -71.7216081812342,
                41.573740908011565
              ],
              [
                -71.72347507079647,
                41.57331515490806
              ],
              [
                -71.72346347746291,
                41.57279992406854
              ],
              [
                -71.72372605551061,
                41.57215939905316
              ],
              [
                -71.72478229991431,
                41.570338229754206
              ],
              [
                -71.72421416684037,
                41.571368941194464
              ],
              [
                -71.7291986680803,
                41.57188799046191
              ],
              [
                -71.73434398366344,
                41.57282902198409
              ],
              [
                -71.73511196229713,
                41.573002397743124
              ],
              [
                -71.73800410979884,
                41.57332395659173
              ],
              [
                -71.73960871449397,
                41.57460483178769
              ],
              [
                -71.73977165939075,
                41.57461739722973
              ],
              [
                -71.7392187759747,
                41.57333547637588
              ],
              [
                -71.74038346934906,
                41.57310043813728
              ],
              [
                -71.7409635482615,
                41.57377601679015
              ],
              [
                -71.74115879014214,
                41.57392413026986
              ],
              [
                -71.74284799128786,
                41.57383372624612
              ],
              [
                -71.74327025203091,
                41.57495151218977
              ],
              [
                -71.75380254348585,
                41.576033389085644
              ],
              [
                -71.7538981047487,
                41.575456612976595
              ],
              [
                -71.75375152972865,
                41.575458231294334
              ],
              [
                -71.7534021018622,
                41.5748243011228
              ],
              [
                -71.75403889695932,
                41.574546522170166
              ],
              [
                -71.75378389820754,
                41.573976237409326
              ],
              [
                -71.75376074200874,
                41.57398009171497
              ],
              [
                -71.75345620416299,
                41.57296100934702
              ],
              [
                -71.75227007181626,
                41.57300739426418
              ],
              [
                -71.75210143271532,
                41.57259596435606
              ],
              [
                -71.75327241467396,
                41.57257332962139
              ],
              [
                -71.75322615461273,
                41.57249135210923
              ],
              [
                -71.75253868002689,
                41.57140270554288
              ],
              [
                -71.7522263967084,
                41.57107085594344
              ],
              [
                -71.74952636173116,
                41.56903648224557
              ],
              [
                -71.74800860401334,
                41.56987847708933
              ],
              [
                -71.74467805266328,
                41.56733719657731
              ],
              [
                -71.74319136932489,
                41.56793878405929
              ],
              [
                -71.74188503856846,
                41.567701703719855
              ],
              [
                -71.7409995307033,
                41.567952813318136
              ],
              [
                -71.74040137358138,
                41.5681742964446
              ],
              [
                -71.74016305239724,
                41.56777799461508
              ],
              [
                -71.7397791427112,
                41.56692075498768
              ],
              [
                -71.73769496317057,
                41.56714055572309
              ],
              [
                -71.73742818122004,
                41.56627233702041
              ],
              [
                -71.7392648070764,
                41.56572462861847
              ],
              [
                -71.73876937508615,
                41.56463601260784
              ],
              [
                -71.73865086286011,
                41.56449618204828
              ],
              [
                -71.73757295732568,
                41.563785165638784
              ],
              [
                -71.73653347330459,
                41.56475343428267
              ],
              [
                -71.73432658597663,
                41.56342856529109
              ],
              [
                -71.73451409771276,
                41.56340515849188
              ],
              [
                -71.73428957914592,
                41.56227860675631
              ],
              [
                -71.74112001087079,
                41.561500698449024
              ],
              [
                -71.74101143518891,
                41.56133253154725
              ],
              [
                -71.74099385394942,
                41.561070619841665
              ],
              [
                -71.74086846177815,
                41.560846356520486
              ],
              [
                -71.74022738134232,
                41.56039240766469
              ],
              [
                -71.74023374499747,
                41.559868498059544
              ],
              [
                -71.74017361046378,
                41.55932601831098
              ],
              [
                -71.74003074013159,
                41.55886478960021
              ],
              [
                -71.73963069316171,
                41.55846646538727
              ],
              [
                -71.7384502388704,
                41.5581009454247
              ],
              [
                -71.73746064131308,
                41.557697597702045
              ],
              [
                -71.7367552592249,
                41.557811314413335
              ],
              [
                -71.73554159743638,
                41.55743959686238
              ],
              [
                -71.73488386810105,
                41.556954468209916
              ],
              [
                -71.73455209560338,
                41.55705493466841
              ],
              [
                -71.73435339942854,
                41.55721749842088
              ],
              [
                -71.73432079491155,
                41.557385958625126
              ],
              [
                -71.73447097817815,
                41.55758523183443
              ],
              [
                -71.73479566893428,
                41.55782157027461
              ],
              [
                -71.73467140998733,
                41.55790290323611
              ],
              [
                -71.7346636704274,
                41.558058839792615
              ],
              [
                -71.73406460611915,
                41.55772327060195
              ],
              [
                -71.73387531265107,
                41.55777862942337
              ],
              [
                -71.7334718215108,
                41.556899559241124
              ],
              [
                -71.73311622805612,
                41.55674301382284
              ],
              [
                -71.73302060652044,
                41.55673295049545
              ],
              [
                -71.73289783689243,
                41.556767387590384
              ],
              [
                -71.73248269421555,
                41.55650497693972
              ],
              [
                -71.73030561810994,
                41.554830698740396
              ],
              [
                -71.73008684072205,
                41.55474566530064
              ],
              [
                -71.73002860217818,
                41.55469606365466
              ],
              [
                -71.73008289341182,
                41.55463613189087
              ],
              [
                -71.72987653270621,
                41.55451824889503
              ],
              [
                -71.7291166477985,
                41.55460449227747
              ],
              [
                -71.72664821476651,
                41.55519449162906
              ],
              [
                -71.72574625014582,
                41.55457647031973
              ],
              [
                -71.72032499825578,
                41.556479228837354
              ],
              [
                -71.71974603969879,
                41.553724343762084
              ],
              [
                -71.71965143194889,
                41.552791696605055
              ],
              [
                -71.71967960320195,
                41.552615275993944
              ],
              [
                -71.71961717272947,
                41.55197977153778
              ],
              [
                -71.72954163395623,
                41.55098966450443
              ],
              [
                -71.72990859616642,
                41.55269401251951
              ],
              [
                -71.73017600622188,
                41.55427590279354
              ],
              [
                -71.7303239488919,
                41.554520227606986
              ],
              [
                -71.73874139901378,
                41.55376432785379
              ],
              [
                -71.73862900308966,
                41.552532995753545
              ],
              [
                -71.74058758806184,
                41.552412539359025
              ],
              [
                -71.74352387337487,
                41.55217584542108
              ],
              [
                -71.74609822316148,
                41.55187399415392
              ],
              [
                -71.74939593207287,
                41.55158698126033
              ],
              [
                -71.74928437764189,
                41.55107680389511
              ],
              [
                -71.75119135722349,
                41.55108912019867
              ],
              [
                -71.75119522894555,
                41.549922206842524
              ],
              [
                -71.75005164578471,
                41.54989532071166
              ],
              [
                -71.7498607043572,
                41.54896411488209
              ],
              [
                -71.74885999982513,
                41.54901134994244
              ],
              [
                -71.74878234273226,
                41.548764541335956
              ],
              [
                -71.74599971687181,
                41.54901750445779
              ],
              [
                -71.74512724354332,
                41.547241133153214
              ],
              [
                -71.7381265199323,
                41.54788173432254
              ],
              [
                -71.7378074404683,
                41.547510062160015
              ],
              [
                -71.73580484595387,
                41.54552661745653
              ],
              [
                -71.73505730964051,
                41.53863803243495
              ],
              [
                -71.73453477959022,
                41.53726453161609
              ],
              [
                -71.73327656893952,
                41.536785451907285
              ],
              [
                -71.7308160413208,
                41.53406936764079
              ],
              [
                -71.7230956005065,
                41.53510776540282
              ],
              [
                -71.72347595881519,
                41.53627131676214
              ],
              [
                -71.7233382679552,
                41.53624456822115
              ],
              [
                -71.71854920647702,
                41.53666873133078
              ],
              [
                -71.7183419284613,
                41.53531987642282
              ],
              [
                -71.71778635454531,
                41.535372665120306
              ],
              [
                -71.71762917400703,
                41.53396502574512
              ],
              [
                -71.7116244745418,
                41.53456959691955
              ],
              [
                -71.71078159861825,
                41.53231550959599
              ],
              [
                -71.71105794463257,
                41.53120821956204
              ],
              [
                -71.71124323015853,
                41.531237005024494
              ],
              [
                -71.71137580234077,
                41.530948738975965
              ],
              [
                -71.711259351655,
                41.530897173599364
              ],
              [
                -71.7111653407839,
                41.53112388140483
              ],
              [
                -71.71095622420006,
                41.53107750818927
              ],
              [
                -71.7110306427751,
                41.530758437162326
              ],
              [
                -71.7108883319488,
                41.53070044598914
              ],
              [
                -71.71051031126903,
                41.532328951351815
              ],
              [
                -71.71082786190765,
                41.533299231394345
              ],
              [
                -71.70561454312951,
                41.53351740613513
              ],
              [
                -71.70556680530785,
                41.534298397098034
              ],
              [
                -71.70537175797061,
                41.53447145470573
              ],
              [
                -71.70500204092495,
                41.53441260434088
              ],
              [
                -71.7006892339314,
                41.53462728488151
              ],
              [
                -71.70064232861054,
                41.53520191575577
              ],
              [
                -71.69985687273531,
                41.53523867761389
              ],
              [
                -71.69961187236193,
                41.5371831865004
              ],
              [
                -71.70775801913075,
                41.536400155578086
              ],
              [
                -71.71023564620359,
                41.54028339542171
              ],
              [
                -71.71087857387896,
                41.540189758705544
              ],
              [
                -71.71157890961953,
                41.541124581525224
              ],
              [
                -71.71197841506921,
                41.54107018201616
              ],
              [
                -71.7127683881427,
                41.54169634453864
              ],
              [
                -71.71173262272636,
                41.542433095330985
              ],
              [
                -71.71094938605562,
                41.54284835463709
              ],
              [
                -71.70685513753871,
                41.547048594866425
              ],
              [
                -71.70681171939698,
                41.547439346353656
              ],
              [
                -71.70692300353703,
                41.54750498754707
              ],
              [
                -71.70720489693555,
                41.54752517344603
              ],
              [
                -71.70724340498484,
                41.54760288001339
              ],
              [
                -71.70719580586443,
                41.54771696234469
              ],
              [
                -71.70711360818343,
                41.54777550023965
              ],
              [
                -71.70686660634922,
                41.54776938646335
              ],
              [
                -71.70635623974128,
                41.547943574906576
              ],
              [
                -71.70607650179555,
                41.54799498059751
              ],
              [
                -71.70565023415888,
                41.54799829810274
              ],
              [
                -71.70542353272194,
                41.54803952575849
              ],
              [
                -71.70521502868993,
                41.54813497035005
              ],
              [
                -71.70502808477586,
                41.5483115672277
              ],
              [
                -71.70450914773313,
                41.54924755841294
              ],
              [
                -71.70444155884748,
                41.54928520834077
              ],
              [
                -71.70428562761272,
                41.54928630841184
              ],
              [
                -71.70402829513425,
                41.54916792019368
              ],
              [
                -71.70384363608673,
                41.549147056280574
              ],
              [
                -71.70365230772055,
                41.54930741756655
              ],
              [
                -71.70341178699033,
                41.54939228205132
              ],
              [
                -71.70356867460922,
                41.54958783580647
              ],
              [
                -71.703721909004,
                41.54961626952739
              ],
              [
                -71.70380232005489,
                41.549570281367714
              ],
              [
                -71.7039086883254,
                41.549428834496695
              ],
              [
                -71.70413032568841,
                41.549479462337814
              ],
              [
                -71.70429865067673,
                41.5494764514562
              ],
              [
                -71.70443293805334,
                41.54943680755909
              ],
              [
                -71.70471612688738,
                41.54927555757152
              ],
              [
                -71.7049588712345,
                41.54893758076482
              ],
              [
                -71.70502048280272,
                41.54876430846031
              ],
              [
                -71.70531591505917,
                41.54848287458961
              ],
              [
                -71.70549563535974,
                41.548411999580864
              ],
              [
                -71.70566139219613,
                41.54844819395375
              ],
              [
                -71.70573827086257,
                41.5484990468997
              ],
              [
                -71.70580121469663,
                41.548614755881694
              ],
              [
                -71.70580496194872,
                41.54880124361613
              ],
              [
                -71.7057475319204,
                41.54894391655985
              ],
              [
                -71.70570778813405,
                41.5489910452565
              ],
              [
                -71.70542826187106,
                41.54910333465137
              ],
              [
                -71.70506778354313,
                41.54950710451405
              ],
              [
                -71.70462687233162,
                41.549729695569575
              ],
              [
                -71.70440712987,
                41.55006717245092
              ],
              [
                -71.70436843593886,
                41.55016578897579
              ],
              [
                -71.70434828510459,
                41.55038917092764
              ],
              [
                -71.70421406713966,
                41.55054824940894
              ],
              [
                -71.70383504344663,
                41.550477561197376
              ],
              [
                -71.70327220163627,
                41.550542384723045
              ],
              [
                -71.70314483462317,
                41.55051204452383
              ],
              [
                -71.70281382812182,
                41.55030445861394
              ],
              [
                -71.70227591595498,
                41.550174585935636
              ],
              [
                -71.70213917404654,
                41.550055524825844
              ],
              [
                -71.70215167128808,
                41.55000728557911
              ],
              [
                -71.70242277959383,
                41.54983766372079
              ],
              [
                -71.70242628066777,
                41.549724319218846
              ],
              [
                -71.70240420887386,
                41.54967901661221
              ],
              [
                -71.70228071513385,
                41.549678202977574
              ],
              [
                -71.70209946850022,
                41.549728453272856
              ],
              [
                -71.70202854230301,
                41.54970805098617
              ],
              [
                -71.70197917733388,
                41.54963254159479
              ],
              [
                -71.70196259728637,
                41.549381816899015
              ],
              [
                -71.70178992401492,
                41.54899554080381
              ],
              [
                -71.69606958780795,
                41.55035470395174
              ],
              [
                -71.69614785648044,
                41.550492422612194
              ],
              [
                -71.69681459154896,
                41.55030330335612
              ],
              [
                -71.69745704024014,
                41.55127134376573
              ],
              [
                -71.6980737573078,
                41.55109065775722
              ],
              [
                -71.698043873951,
                41.55040980411595
              ],
              [
                -71.69963915065917,
                41.55018146918509
              ],
              [
                -71.69938105080526,
                41.55124295990377
              ],
              [
                -71.70032081109338,
                41.551228794205066
              ],
              [
                -71.70033847468291,
                41.55154624089282
              ],
              [
                -71.70011267789152,
                41.5522609576048
              ],
              [
                -71.69855590892728,
                41.55236808975894
              ],
              [
                -71.6985445184452,
                41.55228038610363
              ],
              [
                -71.69839440863552,
                41.55229317670579
              ],
              [
                -71.6983824819652,
                41.55203002550519
              ],
              [
                -71.69822126346608,
                41.552047012818804
              ],
              [
                -71.69828933587924,
                41.55248551567623
              ],
              [
                -71.69993504713466,
                41.55236570010334
              ],
              [
                -71.70010543363995,
                41.553518347305335
              ],
              [
                -71.7002169139546,
                41.55360170058477
              ],
              [
                -71.70049519120134,
                41.553672229734666
              ],
              [
                -71.70063969036782,
                41.55364273689576
              ],
              [
                -71.70077894205791,
                41.553522336981295
              ],
              [
                -71.7009955338663,
                41.555761780454596
              ],
              [
                -71.70151032802748,
                41.55649581941028
              ],
              [
                -71.70338622373043,
                41.5578677545402
              ],
              [
                -71.70322778851053,
                41.55814641270229
              ],
              [
                -71.69978523835893,
                41.55891026112997
              ],
              [
                -71.69788277577776,
                41.56001610601078
              ],
              [
                -71.6979261335981,
                41.56084015171948
              ],
              [
                -71.69815503659585,
                41.56195074704449
              ],
              [
                -71.69625358623169,
                41.56241662270546
              ],
              [
                -71.69477355792976,
                41.56282160300917
              ],
              [
                -71.69402916581667,
                41.56156311931412
              ],
              [
                -71.6934037455453,
                41.560790720729976
              ],
              [
                -71.69257533143403,
                41.55953700540767
              ],
              [
                -71.69327018202925,
                41.55921738385168
              ],
              [
                -71.69308366012372,
                41.55868020933782
              ],
              [
                -71.69466321422992,
                41.55827528557334
              ],
              [
                -71.69708056397775,
                41.55797043420421
              ],
              [
                -71.69683102106629,
                41.5573897943078
              ],
              [
                -71.6977429300053,
                41.55694032604713
              ],
              [
                -71.69756306780945,
                41.556763365431436
              ],
              [
                -71.69648605520078,
                41.55683720351406
              ],
              [
                -71.69651852567264,
                41.55617544962489
              ],
              [
                -71.69626645477803,
                41.55581592563277
              ],
              [
                -71.69560370791065,
                41.55608203449678
              ],
              [
                -71.69544633206353,
                41.55562897981099
              ],
              [
                -71.69599758990391,
                41.555420049773
              ],
              [
                -71.69609486001214,
                41.554975504190175
              ],
              [
                -71.69604896090196,
                41.55492974672547
              ],
              [
                -71.69385554191022,
                41.55485034220937
              ],
              [
                -71.69355551520982,
                41.5547965537049
              ],
              [
                -71.69307997055627,
                41.55461191776812
              ],
              [
                -71.69261086222565,
                41.555178399005364
              ],
              [
                -71.69207193694686,
                41.554953193918884
              ],
              [
                -71.69253068346367,
                41.554374998430994
              ],
              [
                -71.68944508372807,
                41.5530496272406
              ],
              [
                -71.68906000554655,
                41.552977990947724
              ],
              [
                -71.68873935717596,
                41.553002611015124
              ],
              [
                -71.68869794422947,
                41.553625030194965
              ],
              [
                -71.68798686347544,
                41.55358005480861
              ],
              [
                -71.68792714259911,
                41.55310031997081
              ],
              [
                -71.6865271028914,
                41.553357007856484
              ],
              [
                -71.68531894256611,
                41.55341563583384
              ],
              [
                -71.6850285340662,
                41.55351095963331
              ]
            ],
            [
              [
                -71.69006825786819,
                41.56483286913297
              ],
              [
                -71.69036390379456,
                41.564986952811026
              ],
              [
                -71.69411209101001,
                41.56700894071969
              ],
              [
                -71.69034850696596,
                41.56499069957146
              ],
              [
                -71.69006825786819,
                41.56483286913297
              ]
            ],
            [
              [
                -71.73407624411733,
                41.568340748912554
              ],
              [
                -71.7335864029548,
                41.5683686709059
              ],
              [
                -71.73329473659362,
                41.56838413011611
              ],
              [
                -71.73407624411733,
                41.568340748912554
              ]
            ],
            [
              [
                -71.73437868579488,
                41.571712307036684
              ],
              [
                -71.72938136909956,
                41.57026136628066
              ],
              [
                -71.72546147616927,
                41.56910603033525
              ],
              [
                -71.73437868579488,
                41.571712307036684
              ]
            ],
            [
              [
                -71.73367920556665,
                41.5647608135421
              ],
              [
                -71.73402828963842,
                41.56471884552713
              ],
              [
                -71.73363238089878,
                41.56237434522129
              ],
              [
                -71.73403393725778,
                41.56473008247783
              ],
              [
                -71.73367920556665,
                41.5647608135421
              ]
            ],
            [
              [
                -71.72841404338062,
                41.560518378874534
              ],
              [
                -71.72887909721562,
                41.56074474889364
              ],
              [
                -71.72884864491294,
                41.56114481613913
              ],
              [
                -71.72925280326662,
                41.56215941052009
              ],
              [
                -71.73113705829765,
                41.561743215545704
              ],
              [
                -71.73130875858594,
                41.561766454839436
              ],
              [
                -71.73143979750323,
                41.56212556445642
              ],
              [
                -71.73168699495103,
                41.562636670792074
              ],
              [
                -71.72906175597417,
                41.56333676375451
              ],
              [
                -71.7284073143399,
                41.5632390733125
              ],
              [
                -71.72842511957631,
                41.563351111857315
              ],
              [
                -71.7281919039024,
                41.56351221803407
              ],
              [
                -71.7281276093312,
                41.56361694996748
              ],
              [
                -71.72799122970532,
                41.5637330318459
              ],
              [
                -71.72793727760005,
                41.56394981706517
              ],
              [
                -71.727418568322,
                41.56373487448738
              ],
              [
                -71.72841404338062,
                41.560518378874534
              ]
            ],
            [
              [
                -71.73581460923282,
                41.56099495131236
              ],
              [
                -71.73344631418804,
                41.56127329690071
              ],
              [
                -71.73320925373221,
                41.560007697100254
              ],
              [
                -71.73225461395946,
                41.56009070855419
              ],
              [
                -71.7317477873195,
                41.559788348796985
              ],
              [
                -71.7324302688968,
                41.55914012068552
              ],
              [
                -71.7325828566598,
                41.55908671489656
              ],
              [
                -71.73422317788778,
                41.5589646440305
              ],
              [
                -71.73416241538831,
                41.55905462758371
              ],
              [
                -71.73449084264345,
                41.559854637117425
              ],
              [
                -71.73550646546907,
                41.55976657063754
              ],
              [
                -71.73557358174911,
                41.55971232478267
              ],
              [
                -71.73581460923282,
                41.56099495131236
              ]
            ],
            [
              [
                -71.71621761923511,
                41.56871159528214
              ],
              [
                -71.71635738882803,
                41.56922695799434
              ],
              [
                -71.71642464070983,
                41.569360445911784
              ],
              [
                -71.71658538626693,
                41.56951743138711
              ],
              [
                -71.7164941339196,
                41.569755074652925
              ],
              [
                -71.71665425065332,
                41.56999623315027
              ],
              [
                -71.71445325076142,
                41.571320130438494
              ],
              [
                -71.71194875146996,
                41.57268009754523
              ],
              [
                -71.71089184415375,
                41.57320399768267
              ],
              [
                -71.70901189451705,
                41.5738418174213
              ],
              [
                -71.7082390543244,
                41.57293584597753
              ],
              [
                -71.70809660077724,
                41.571868124029926
              ],
              [
                -71.70888507537396,
                41.570999451083814
              ],
              [
                -71.70972970928499,
                41.57096578622326
              ],
              [
                -71.70965392297325,
                41.570676847829226
              ],
              [
                -71.71076872604398,
                41.57044294770214
              ],
              [
                -71.71060084839355,
                41.56987642790585
              ],
              [
                -71.71063821075627,
                41.56921884400227
              ],
              [
                -71.71203345472087,
                41.56910751734464
              ],
              [
                -71.71236199381639,
                41.569925097369655
              ],
              [
                -71.71255989833818,
                41.56992469387059
              ],
              [
                -71.71400307987031,
                41.569560113973864
              ],
              [
                -71.71621761923511,
                41.56871159528214
              ]
            ]
          ],
          [
            [
              [
                -71.67291864460762,
                41.53181868311029
              ],
              [
                -71.669876242913,
                41.53219008679348
              ],
              [
                -71.67012683746593,
                41.53233093098647
              ],
              [
                -71.67067898743919,
                41.532575259844144
              ],
              [
                -71.67152118107012,
                41.53289313576198
              ],
              [
                -71.672738001503,
                41.533459385481265
              ],
              [
                -71.67310258991529,
                41.5336732477792
              ],
              [
                -71.67503033263996,
                41.535046218131356
              ],
              [
                -71.67771563804753,
                41.532154532175575
              ],
              [
                -71.6802471226876,
                41.529691671803306
              ],
              [
                -71.68054972543408,
                41.52943516433124
              ],
              [
                -71.68074573796729,
                41.52901667584892
              ],
              [
                -71.680552777987,
                41.52872004701351
              ],
              [
                -71.68178222137811,
                41.527811096532794
              ],
              [
                -71.68238850959568,
                41.52720693285081
              ],
              [
                -71.68074568111794,
                41.52619971735591
              ],
              [
                -71.68090466347527,
                41.52500087035734
              ],
              [
                -71.68151324966749,
                41.522198669830004
              ],
              [
                -71.67893305575184,
                41.52217446810784
              ],
              [
                -71.67823663087113,
                41.52221843588129
              ],
              [
                -71.67655311009261,
                41.52238964457389
              ],
              [
                -71.67571252841802,
                41.52250586003487
              ],
              [
                -71.67333301030482,
                41.52289879380806
              ],
              [
                -71.67182958526341,
                41.5267451340875
              ],
              [
                -71.67291864460762,
                41.53181868311029
              ]
            ]
          ],
          [
            [
              [
                -71.67019932287337,
                41.55241339973805
              ],
              [
                -71.67037662803357,
                41.552804467574234
              ],
              [
                -71.67104812993976,
                41.552741893536314
              ],
              [
                -71.67215168248157,
                41.55118448877729
              ],
              [
                -71.67297856712068,
                41.54984416662082
              ],
              [
                -71.67338642452425,
                41.54905424541469
              ],
              [
                -71.6712996724608,
                41.54924797764086
              ],
              [
                -71.66990874960024,
                41.55105785367993
              ],
              [
                -71.66998684035914,
                41.5513191823068
              ],
              [
                -71.67019932287337,
                41.55241339973805
              ]
            ]
          ],
          [
            [
              [
                -71.65316293059306,
                41.560858063125025
              ],
              [
                -71.65334438036393,
                41.56091017934208
              ],
              [
                -71.65341952319949,
                41.56096247947901
              ],
              [
                -71.66116331579065,
                41.55998402433125
              ],
              [
                -71.66147256562977,
                41.56205086365651
              ],
              [
                -71.66286004610917,
                41.5597813092252
              ],
              [
                -71.66306468692555,
                41.5597140686641
              ],
              [
                -71.66384497394763,
                41.55849720175642
              ],
              [
                -71.66468380438185,
                41.55746141753436
              ],
              [
                -71.66606372909443,
                41.555505070951575
              ],
              [
                -71.66615501913233,
                41.55395165969598
              ],
              [
                -71.6652339685672,
                41.55394423967824
              ],
              [
                -71.66506548052394,
                41.55382201350354
              ],
              [
                -71.66508147875838,
                41.55364806644086
              ],
              [
                -71.65810247465369,
                41.55425914810116
              ],
              [
                -71.65725238113636,
                41.55545372857312
              ],
              [
                -71.65748131104182,
                41.5577615147533
              ],
              [
                -71.6514291832206,
                41.55935764767716
              ],
              [
                -71.65164642912335,
                41.560706860695255
              ],
              [
                -71.65189009497252,
                41.560851390578485
              ],
              [
                -71.652246343212,
                41.56089594389347
              ],
              [
                -71.65296772941448,
                41.56083729817392
              ],
              [
                -71.65316293059306,
                41.560858063125025
              ]
            ]
          ],
          [
            [
              [
                -71.66358682030268,
                41.55965848301693
              ],
              [
                -71.66171228645956,
                41.562605433197916
              ],
              [
                -71.66226134250216,
                41.5662603390669
              ],
              [
                -71.6621858118649,
                41.56711630005227
              ],
              [
                -71.66240010210457,
                41.56645571742505
              ],
              [
                -71.6628007703862,
                41.565480693731516
              ],
              [
                -71.66339000013684,
                41.564354028747076
              ],
              [
                -71.66601236923401,
                41.56029160851838
              ],
              [
                -71.66646741947152,
                41.5593450498989
              ],
              [
                -71.66629391636508,
                41.55740614794649
              ],
              [
                -71.66757426586388,
                41.557827907839865
              ],
              [
                -71.66780412390149,
                41.55748019558227
              ],
              [
                -71.6675347905536,
                41.55615973309993
              ],
              [
                -71.66590320047396,
                41.55624713074974
              ],
              [
                -71.66443381529989,
                41.558214567069555
              ],
              [
                -71.66358682030268,
                41.55965848301693
              ]
            ]
          ],
          [
            [
              [
                -71.68062038439831,
                41.535087790331374
              ],
              [
                -71.6815781353691,
                41.53557919863963
              ],
              [
                -71.68213734666696,
                41.534819578903885
              ],
              [
                -71.68250228391835,
                41.53390669155693
              ],
              [
                -71.68268294166373,
                41.5333222555754
              ],
              [
                -71.68269127679287,
                41.5328771810442
              ],
              [
                -71.68245509507042,
                41.53176813996432
              ],
              [
                -71.68211773908476,
                41.53169509161202
              ],
              [
                -71.68062038439831,
                41.535087790331374
              ]
            ]
          ],
          [
            [
              [
                -71.67684197674873,
                41.53336947855349
              ],
              [
                -71.67511626590412,
                41.535143898819776
              ],
              [
                -71.67624573633836,
                41.535871357204634
              ],
              [
                -71.67644741471088,
                41.53607495897194
              ],
              [
                -71.67712123362284,
                41.536936885102314
              ],
              [
                -71.6792562375778,
                41.535490261131265
              ],
              [
                -71.68138113663927,
                41.53070364470075
              ],
              [
                -71.67909670137128,
                41.53102964143011
              ],
              [
                -71.67684197674873,
                41.53336947855349
              ]
            ]
          ],
          [
            [
              [
                -71.68488809822063,
                41.53688065295003
              ],
              [
                -71.68603265593163,
                41.53703618079533
              ],
              [
                -71.68643953679491,
                41.53332869427924
              ],
              [
                -71.68546911572845,
                41.53322753311437
              ],
              [
                -71.68318329041573,
                41.533496980728536
              ],
              [
                -71.68251832559069,
                41.53542337350898
              ],
              [
                -71.6816959303994,
                41.53629421969029
              ],
              [
                -71.68376517814531,
                41.53614162268167
              ],
              [
                -71.68488809822063,
                41.53688065295003
              ]
            ]
          ],
          [
            [
              [
                -71.67496241420379,
                41.53536487495652
              ],
              [
                -71.67485198340626,
                41.53540680456748
              ],
              [
                -71.67270795932541,
                41.53769374963014
              ],
              [
                -71.6723320544238,
                41.53799969067128
              ],
              [
                -71.67087798042017,
                41.53905182217079
              ],
              [
                -71.67212062663012,
                41.54231417984889
              ],
              [
                -71.67426523479986,
                41.54208922135664
              ],
              [
                -71.67589133440141,
                41.54176082110279
              ],
              [
                -71.6767926422554,
                41.54041503697531
              ],
              [
                -71.67696939376906,
                41.53876180650078
              ],
              [
                -71.67714700156529,
                41.53839088982578
              ],
              [
                -71.67734158259279,
                41.53817189015168
              ],
              [
                -71.67678647200181,
                41.536980622283714
              ],
              [
                -71.67627001223677,
                41.536177720026906
              ],
              [
                -71.67606705200252,
                41.53599669616201
              ],
              [
                -71.67518855060337,
                41.5353903501181
              ],
              [
                -71.67496241420379,
                41.53536487495652
              ]
            ]
          ],
          [
            [
              [
                -71.69650600749657,
                41.54044311840006
              ],
              [
                -71.6968846301027,
                41.540335964367145
              ],
              [
                -71.69792140912983,
                41.539835798681985
              ],
              [
                -71.69834102911345,
                41.53973845819477
              ],
              [
                -71.69830760675572,
                41.539421821951734
              ],
              [
                -71.69761566474179,
                41.53986103553559
              ],
              [
                -71.69709232087686,
                41.540055414504494
              ],
              [
                -71.69678120199632,
                41.54001598917074
              ],
              [
                -71.69642119795378,
                41.540014502249335
              ],
              [
                -71.69633019348463,
                41.54004302335262
              ],
              [
                -71.69624962975615,
                41.54025874430666
              ],
              [
                -71.69623070659141,
                41.54045607143013
              ],
              [
                -71.69650600749657,
                41.54044311840006
              ]
            ]
          ],
          [
            [
              [
                -71.69535399619801,
                41.54054899450677
              ],
              [
                -71.69503779130054,
                41.54054113425805
              ],
              [
                -71.69482218637398,
                41.54058325773662
              ],
              [
                -71.6948845985485,
                41.54162064897176
              ],
              [
                -71.69596514378544,
                41.54114938678447
              ],
              [
                -71.69594375893985,
                41.54085754219193
              ],
              [
                -71.69590589011023,
                41.54074478681063
              ],
              [
                -71.69597867557471,
                41.540561648058116
              ],
              [
                -71.69535399619801,
                41.54054899450677
              ]
            ]
          ],
          [
            [
              [
                -71.68312498119734,
                41.59383029356105
              ],
              [
                -71.68320370573593,
                41.59425896481862
              ],
              [
                -71.68174728886787,
                41.59416264923015
              ],
              [
                -71.67995935827793,
                41.593667631420985
              ],
              [
                -71.67880659620114,
                41.59337759754077
              ],
              [
                -71.67841935294442,
                41.593308995362676
              ],
              [
                -71.67753148519225,
                41.59606871254866
              ],
              [
                -71.67553225074286,
                41.59570478930862
              ],
              [
                -71.67578492319025,
                41.598885106273656
              ],
              [
                -71.67618213235006,
                41.60492085499724
              ],
              [
                -71.68185996843233,
                41.60379864717092
              ],
              [
                -71.68231587914782,
                41.60366027679118
              ],
              [
                -71.68252829695125,
                41.604703362473124
              ],
              [
                -71.68188262606243,
                41.60704494065676
              ],
              [
                -71.68268780562722,
                41.606960284887734
              ],
              [
                -71.682728608391,
                41.60749999127375
              ],
              [
                -71.68381132694749,
                41.607501117645356
              ],
              [
                -71.68460660558918,
                41.60738120294556
              ],
              [
                -71.68633813286303,
                41.60694626529249
              ],
              [
                -71.68690705669015,
                41.60675568976875
              ],
              [
                -71.68665913139701,
                41.60624807926502
              ],
              [
                -71.68739340827834,
                41.60603763339109
              ],
              [
                -71.68767402274761,
                41.6066177482771
              ],
              [
                -71.6881829763032,
                41.60655109089675
              ],
              [
                -71.68866800887078,
                41.60623762678777
              ],
              [
                -71.68886945604544,
                41.60626211121622
              ],
              [
                -71.68905799975364,
                41.60637480991014
              ],
              [
                -71.68902271117094,
                41.606425290660006
              ],
              [
                -71.6890625566937,
                41.60657312591126
              ],
              [
                -71.68899511976102,
                41.607635093198034
              ],
              [
                -71.68710765407678,
                41.607935208384404
              ],
              [
                -71.68645368981012,
                41.60741924402816
              ],
              [
                -71.68608919960477,
                41.607223799874276
              ],
              [
                -71.68552648932004,
                41.607340211952305
              ],
              [
                -71.68628151353968,
                41.608183706979815
              ],
              [
                -71.68508913820067,
                41.60856679240423
              ],
              [
                -71.68413709100552,
                41.60863502359187
              ],
              [
                -71.68424530469126,
                41.610969447487264
              ],
              [
                -71.6836120455058,
                41.61095824437737
              ],
              [
                -71.68213429460825,
                41.61241826176799
              ],
              [
                -71.68250284143232,
                41.6131073357398
              ],
              [
                -71.68435365127412,
                41.612088242764486
              ],
              [
                -71.68843341933471,
                41.61289584766317
              ],
              [
                -71.68933654951574,
                41.615347435636195
              ],
              [
                -71.68839693709019,
                41.61535850884661
              ],
              [
                -71.6884511685766,
                41.616540009817996
              ],
              [
                -71.69060570008901,
                41.61648664468011
              ],
              [
                -71.69077496883492,
                41.6164465602586
              ],
              [
                -71.69092626570446,
                41.616160887539976
              ],
              [
                -71.69144051158752,
                41.61570969951278
              ],
              [
                -71.69196391748858,
                41.61549951719229
              ],
              [
                -71.69187770488405,
                41.61492881702675
              ],
              [
                -71.692029313177,
                41.61475096815081
              ],
              [
                -71.69207220926022,
                41.614561735470495
              ],
              [
                -71.69262811599016,
                41.61431866190481
              ],
              [
                -71.69274993775714,
                41.613753192217374
              ],
              [
                -71.6929173290755,
                41.6137236709436
              ],
              [
                -71.69295350036447,
                41.61366472227866
              ],
              [
                -71.69613655611144,
                41.613905897300526
              ],
              [
                -71.6984412092162,
                41.61431236164605
              ],
              [
                -71.69709040411063,
                41.61584725937293
              ],
              [
                -71.70052499321088,
                41.61620766132159
              ],
              [
                -71.7006994810751,
                41.61624717848378
              ],
              [
                -71.70082259786759,
                41.616185748986716
              ],
              [
                -71.7019945884824,
                41.61646825464381
              ],
              [
                -71.70209377570063,
                41.61631816838765
              ],
              [
                -71.7012823817444,
                41.61601818787571
              ],
              [
                -71.70159050307507,
                41.61557097789657
              ],
              [
                -71.70259036471485,
                41.6155841952196
              ],
              [
                -71.7028915401954,
                41.615246878083965
              ],
              [
                -71.70357271936426,
                41.61489537597372
              ],
              [
                -71.7036542020095,
                41.614780232515926
              ],
              [
                -71.70368722447185,
                41.614438384605535
              ],
              [
                -71.70442030615123,
                41.61339221660026
              ],
              [
                -71.70501853550347,
                41.612636893060746
              ],
              [
                -71.70575738542395,
                41.61215808656827
              ],
              [
                -71.7063948685836,
                41.611250508056386
              ],
              [
                -71.70664782783797,
                41.61109533988262
              ],
              [
                -71.70675371951967,
                41.61118353278328
              ],
              [
                -71.715312535547,
                41.6133904524716
              ],
              [
                -71.71843827090551,
                41.61402776011859
              ],
              [
                -71.71964090758556,
                41.61411071774018
              ],
              [
                -71.7220305816941,
                41.61358096446983
              ],
              [
                -71.72235724654088,
                41.61357573130071
              ],
              [
                -71.72249204116912,
                41.613484212371134
              ],
              [
                -71.72281367828597,
                41.61361976714315
              ],
              [
                -71.72362205688638,
                41.61310301351205
              ],
              [
                -71.72564410906796,
                41.614009077704154
              ],
              [
                -71.72647384682104,
                41.61345000226702
              ],
              [
                -71.72539564474447,
                41.6130555522818
              ],
              [
                -71.72515770285347,
                41.612768388295336
              ],
              [
                -71.72628641471765,
                41.61289034518129
              ],
              [
                -71.7334708790598,
                41.61408492775419
              ],
              [
                -71.73317607235364,
                41.611555587040954
              ],
              [
                -71.73163453152031,
                41.606555996479464
              ],
              [
                -71.73133690294374,
                41.60320656591908
              ],
              [
                -71.73938411356295,
                41.602493046486885
              ],
              [
                -71.73966426750202,
                41.60249121759153
              ],
              [
                -71.73990484468128,
                41.6022119258497
              ],
              [
                -71.74108165810715,
                41.60187136741967
              ],
              [
                -71.74180484316308,
                41.60253564094479
              ],
              [
                -71.74322707487163,
                41.60480570347881
              ],
              [
                -71.7437973003181,
                41.605324642307
              ],
              [
                -71.74641351845557,
                41.60442960903097
              ],
              [
                -71.74721963115597,
                41.60501044706044
              ],
              [
                -71.7479045402512,
                41.604702081719566
              ],
              [
                -71.74845163856745,
                41.60460207389895
              ],
              [
                -71.75079455074163,
                41.60443152154543
              ],
              [
                -71.75100409748349,
                41.6047092310145
              ],
              [
                -71.75112146837631,
                41.60510884493596
              ],
              [
                -71.75117036379571,
                41.6057693915511
              ],
              [
                -71.75142624084097,
                41.606047000753684
              ],
              [
                -71.75350014140739,
                41.61190346251184
              ],
              [
                -71.75437058207412,
                41.61215426982776
              ],
              [
                -71.75529310390694,
                41.613104808758955
              ],
              [
                -71.75614821027854,
                41.61289515120574
              ],
              [
                -71.75689285925408,
                41.612787233117984
              ],
              [
                -71.75721985409747,
                41.61269829339703
              ],
              [
                -71.75834722705363,
                41.61275228450829
              ],
              [
                -71.75871887464295,
                41.61294835920424
              ],
              [
                -71.75939772023897,
                41.61301518932522
              ],
              [
                -71.75971378004215,
                41.61307684541298
              ],
              [
                -71.75996900806733,
                41.613053659294025
              ],
              [
                -71.76021832497904,
                41.61290545942286
              ],
              [
                -71.76049193490599,
                41.61266462500407
              ],
              [
                -71.76062089484721,
                41.61259166729012
              ],
              [
                -71.7614219815333,
                41.61222927278931
              ],
              [
                -71.76226884423545,
                41.61178295171611
              ],
              [
                -71.76252824339058,
                41.61169902929402
              ],
              [
                -71.7630928197613,
                41.61187450331956
              ],
              [
                -71.7632301473738,
                41.611866874338
              ],
              [
                -71.7632835530516,
                41.61183254330036
              ],
              [
                -71.76328355210086,
                41.61176769399314
              ],
              [
                -71.76313859353003,
                41.611420556020384
              ],
              [
                -71.76313859521908,
                41.611351891824924
              ],
              [
                -71.76318437082614,
                41.61129467102265
              ],
              [
                -71.76575547755266,
                41.610005303312256
              ],
              [
                -71.76804429580844,
                41.60881130241439
              ],
              [
                -71.76876908832247,
                41.6084794237715
              ],
              [
                -71.76982744837203,
                41.607888142258204
              ],
              [
                -71.76892783959897,
                41.60730834821038
              ],
              [
                -71.76587230313405,
                41.608626792350634
              ],
              [
                -71.76554960167088,
                41.608514676476446
              ],
              [
                -71.76546307641892,
                41.60836976773291
              ],
              [
                -71.76215219862408,
                41.60978498079658
              ],
              [
                -71.76127382090661,
                41.60833905690794
              ],
              [
                -71.76104311982499,
                41.60706584956953
              ],
              [
                -71.7647662094342,
                41.60606575917967
              ],
              [
                -71.76256268301303,
                41.60301546871576
              ],
              [
                -71.76330249045331,
                41.602699374383334
              ],
              [
                -71.76137042604019,
                41.600918093295405
              ],
              [
                -71.76117400705921,
                41.600960750102864
              ],
              [
                -71.76112952261848,
                41.60084742474114
              ],
              [
                -71.7569252548904,
                41.60185873690805
              ],
              [
                -71.75628038111591,
                41.60052248796943
              ],
              [
                -71.75582153733392,
                41.6002464206633
              ],
              [
                -71.7554711698149,
                41.600127703000254
              ],
              [
                -71.75539252165542,
                41.599498965478865
              ],
              [
                -71.76073491390592,
                41.59817885678886
              ],
              [
                -71.76037873193292,
                41.595934342345664
              ],
              [
                -71.76020976527644,
                41.595447712172906
              ],
              [
                -71.7595183837606,
                41.594431852148
              ],
              [
                -71.75946802299765,
                41.594377959521914
              ],
              [
                -71.75754497490256,
                41.594890361404865
              ],
              [
                -71.75729245570672,
                41.59369504779186
              ],
              [
                -71.75702564954588,
                41.593725472192325
              ],
              [
                -71.75680724101296,
                41.592779051873634
              ],
              [
                -71.75905234751248,
                41.59250372788945
              ],
              [
                -71.75846166948813,
                41.589809829131525
              ],
              [
                -71.7583399089053,
                41.589032698534425
              ],
              [
                -71.75825949356057,
                41.588421416825064
              ],
              [
                -71.75831324848987,
                41.586975732418004
              ],
              [
                -71.75763447414921,
                41.58466984655323
              ],
              [
                -71.75680968110557,
                41.58210112610125
              ],
              [
                -71.75037453348705,
                41.58302411582213
              ],
              [
                -71.75053064648262,
                41.584561682233215
              ],
              [
                -71.74892362710683,
                41.58428422997156
              ],
              [
                -71.74867190129659,
                41.58142409633909
              ],
              [
                -71.75025341132992,
                41.581680012282085
              ],
              [
                -71.75045646779502,
                41.57874943001558
              ],
              [
                -71.74915285798257,
                41.57885398423065
              ],
              [
                -71.74397550964274,
                41.578237914367215
              ],
              [
                -71.74435716938711,
                41.57559647210605
              ],
              [
                -71.73996734481779,
                41.575082357576555
              ],
              [
                -71.74023344019291,
                41.57638753379934
              ],
              [
                -71.74168828581536,
                41.577165994895836
              ],
              [
                -71.7414500826611,
                41.581105802816374
              ],
              [
                -71.74048569764972,
                41.58145075243562
              ],
              [
                -71.74030634640644,
                41.581425255989814
              ],
              [
                -71.73887716793442,
                41.57983605462928
              ],
              [
                -71.73793522889805,
                41.57889090693179
              ],
              [
                -71.73706342847632,
                41.57780164985659
              ],
              [
                -71.73632393482485,
                41.57701518489645
              ],
              [
                -71.73628332408468,
                41.57694707553737
              ],
              [
                -71.73628293747458,
                41.576841001908434
              ],
              [
                -71.73484338726652,
                41.5767543185664
              ],
              [
                -71.73500657720093,
                41.575609014894546
              ],
              [
                -71.73087217761298,
                41.57473176173183
              ],
              [
                -71.7309134677716,
                41.574086000391475
              ],
              [
                -71.72733452194946,
                41.573685869467816
              ],
              [
                -71.72437608022788,
                41.57346764493516
              ],
              [
                -71.72360925336672,
                41.57351966262872
              ],
              [
                -71.72363557059843,
                41.5735616861344
              ],
              [
                -71.72074844820614,
                41.57418242732183
              ],
              [
                -71.7118708037855,
                41.57626811710695
              ],
              [
                -71.70986536832616,
                41.576674336094115
              ],
              [
                -71.70984997565022,
                41.57725515308688
              ],
              [
                -71.70942259149858,
                41.577250711028654
              ],
              [
                -71.70944988326882,
                41.57672456768712
              ],
              [
                -71.69199162157932,
                41.57736075185749
              ],
              [
                -71.69015478366617,
                41.577395964955116
              ],
              [
                -71.68802310239165,
                41.577380186333656
              ],
              [
                -71.68744607428741,
                41.577518853942095
              ],
              [
                -71.68743878924896,
                41.57762525630266
              ],
              [
                -71.68811695295123,
                41.5776904408949
              ],
              [
                -71.68927466248927,
                41.57813167371258
              ],
              [
                -71.68925328273717,
                41.5794921367764
              ],
              [
                -71.68912655366084,
                41.58021556746152
              ],
              [
                -71.68889279891708,
                41.581211767617646
              ],
              [
                -71.68910059416433,
                41.58181029865673
              ],
              [
                -71.68510720035735,
                41.59090049341076
              ],
              [
                -71.6846130488257,
                41.590906502019934
              ],
              [
                -71.6825784660454,
                41.590559182342766
              ],
              [
                -71.68312498119734,
                41.59383029356105
              ]
            ],
            [
              [
                -71.68765612919387,
                41.591351831855086
              ],
              [
                -71.68782487120438,
                41.59138167298858
              ],
              [
                -71.6877395577176,
                41.59204361745706
              ],
              [
                -71.68838243898219,
                41.59209533961631
              ],
              [
                -71.68945618861967,
                41.59353354799489
              ],
              [
                -71.68941238421128,
                41.59400858540903
              ],
              [
                -71.68662518015635,
                41.5939113650434
              ],
              [
                -71.68654436641334,
                41.592004097887404
              ],
              [
                -71.68754886903253,
                41.59208539368922
              ],
              [
                -71.68765612919387,
                41.591351831855086
              ]
            ],
            [
              [
                -71.69393680488683,
                41.59244141445031
              ],
              [
                -71.69449138028499,
                41.59249594168864
              ],
              [
                -71.69426845018299,
                41.593402804245045
              ],
              [
                -71.69374785830271,
                41.59332393374795
              ],
              [
                -71.69393680488683,
                41.59244141445031
              ]
            ],
            [
              [
                -71.69052641696331,
                41.59205034167932
              ],
              [
                -71.69047845409904,
                41.59281564244771
              ],
              [
                -71.68893154232967,
                41.59270510858983
              ],
              [
                -71.68896926248227,
                41.5918644332036
              ],
              [
                -71.69052641696331,
                41.59205034167932
              ]
            ]
          ],
          [
            [
              [
                -71.75135114549502,
                41.550969827894534
              ],
              [
                -71.75130932255666,
                41.55129045614076
              ],
              [
                -71.75337622315612,
                41.55100111613397
              ],
              [
                -71.7536673180893,
                41.55196845498177
              ],
              [
                -71.75647647531696,
                41.55162406555675
              ],
              [
                -71.75653969031563,
                41.551036189542046
              ],
              [
                -71.75743473448476,
                41.55089077193738
              ],
              [
                -71.75686979516793,
                41.54955768277766
              ],
              [
                -71.756441449935,
                41.54891887952905
              ],
              [
                -71.75618879849158,
                41.54840478062546
              ],
              [
                -71.75138643018043,
                41.54891147834917
              ],
              [
                -71.75135114549502,
                41.550969827894534
              ]
            ]
          ],
          [
            [
              [
                -71.76275899429369,
                41.58477041740873
              ],
              [
                -71.76361187740883,
                41.58564361114842
              ],
              [
                -71.76386799870969,
                41.58597067146707
              ],
              [
                -71.76552500191602,
                41.588693587001586
              ],
              [
                -71.76484619515894,
                41.58894514471412
              ],
              [
                -71.7633872822464,
                41.589310462504024
              ],
              [
                -71.76386369153758,
                41.59133427700878
              ],
              [
                -71.76277174032843,
                41.59154202115745
              ],
              [
                -71.7615797062039,
                41.592072083861595
              ],
              [
                -71.75923413682183,
                41.59265964669739
              ],
              [
                -71.75951589241842,
                41.59393205149479
              ],
              [
                -71.75949775531286,
                41.59410100369199
              ],
              [
                -71.75960798264514,
                41.59434967702534
              ],
              [
                -71.75980807223857,
                41.594590321148765
              ],
              [
                -71.7602087582144,
                41.59519697536703
              ],
              [
                -71.76042895597809,
                41.595644913869094
              ],
              [
                -71.76091811584429,
                41.598047392571615
              ],
              [
                -71.7648355145508,
                41.597174143493625
              ],
              [
                -71.76521872484437,
                41.59700758490438
              ],
              [
                -71.76519570969626,
                41.59693543153151
              ],
              [
                -71.7652394018448,
                41.59703237673592
              ],
              [
                -71.77243284856942,
                41.595464118849804
              ],
              [
                -71.77265818093476,
                41.59716391234428
              ],
              [
                -71.77278216988363,
                41.600230758229294
              ],
              [
                -71.77259620392661,
                41.60034733405049
              ],
              [
                -71.77318956733507,
                41.60088192989769
              ],
              [
                -71.77389639478129,
                41.60113923706744
              ],
              [
                -71.7742082728284,
                41.601121766487196
              ],
              [
                -71.77575147817033,
                41.600807996601766
              ],
              [
                -71.77644734438,
                41.60063592429808
              ],
              [
                -71.77714682535807,
                41.60058288739916
              ],
              [
                -71.77713961217889,
                41.60035064614262
              ],
              [
                -71.77721796371016,
                41.59976572649401
              ],
              [
                -71.77734442902519,
                41.5991608500327
              ],
              [
                -71.77746725326882,
                41.5987952430838
              ],
              [
                -71.77726167759447,
                41.5961743702671
              ],
              [
                -71.7772086569228,
                41.59468407642061
              ],
              [
                -71.77708953444512,
                41.59336901040679
              ],
              [
                -71.77685063200916,
                41.59296716961814
              ],
              [
                -71.77815930020681,
                41.59268952345601
              ],
              [
                -71.77715659362117,
                41.58991600958455
              ],
              [
                -71.7783643138481,
                41.589594945075376
              ],
              [
                -71.7798793564012,
                41.592578778926224
              ],
              [
                -71.78405680594095,
                41.592142946211304
              ],
              [
                -71.78391434810867,
                41.59261934800431
              ],
              [
                -71.78390766264533,
                41.592970769177946
              ],
              [
                -71.78400383603238,
                41.59330616082249
              ],
              [
                -71.78422177643213,
                41.59370166296102
              ],
              [
                -71.78479739204627,
                41.59418303121782
              ],
              [
                -71.78576193055122,
                41.59535744561167
              ],
              [
                -71.78626557893875,
                41.59552535685101
              ],
              [
                -71.78677001177216,
                41.59576530198649
              ],
              [
                -71.78745540816345,
                41.59599184249486
              ],
              [
                -71.78787966466201,
                41.596197683406864
              ],
              [
                -71.78884275205722,
                41.596795716716436
              ],
              [
                -71.78924567438962,
                41.59699307150088
              ],
              [
                -71.78968923532702,
                41.59705434795002
              ],
              [
                -71.78940266822075,
                41.59626877092996
              ],
              [
                -71.78943907088382,
                41.59470643041764
              ],
              [
                -71.78993616117867,
                41.58340401609835
              ],
              [
                -71.78851103741115,
                41.58369982899811
              ],
              [
                -71.78735001846663,
                41.58255718118676
              ],
              [
                -71.78835738512501,
                41.58142947192958
              ],
              [
                -71.7878264114532,
                41.5810325765163
              ],
              [
                -71.78770225728016,
                41.580864491570445
              ],
              [
                -71.78751243161817,
                41.580765528786735
              ],
              [
                -71.78738805644267,
                41.580845081901124
              ],
              [
                -71.78733658251949,
                41.58100845967678
              ],
              [
                -71.78730782274336,
                41.58129733100972
              ],
              [
                -71.78722748214444,
                41.5814163931794
              ],
              [
                -71.78674106098508,
                41.5812540331458
              ],
              [
                -71.78666435130184,
                41.581204899084476
              ],
              [
                -71.78659865119735,
                41.581071404634
              ],
              [
                -71.78659159494865,
                41.58085542992047
              ],
              [
                -71.78647412070865,
                41.58065114354395
              ],
              [
                -71.78556105947344,
                41.580042836856556
              ],
              [
                -71.78552464308467,
                41.579944649344355
              ],
              [
                -71.7851923678774,
                41.57958345040408
              ],
              [
                -71.7852030395546,
                41.579457119936066
              ],
              [
                -71.78531330713737,
                41.57930131792281
              ],
              [
                -71.7858065989857,
                41.57888408702092
              ],
              [
                -71.7857956003731,
                41.578785296163055
              ],
              [
                -71.78535024156272,
                41.5781566595541
              ],
              [
                -71.78510915529154,
                41.57790130196071
              ],
              [
                -71.78493819514436,
                41.57748137377756
              ],
              [
                -71.78423564230327,
                41.57749064884791
              ],
              [
                -71.78323976503778,
                41.5782617648778
              ],
              [
                -71.78230073155353,
                41.57706384148757
              ],
              [
                -71.7828433282988,
                41.57660727261865
              ],
              [
                -71.78303693458948,
                41.57650630775244
              ],
              [
                -71.78434142124726,
                41.576435260129166
              ],
              [
                -71.78470560463465,
                41.57632382137651
              ],
              [
                -71.78474609366612,
                41.57640159927161
              ],
              [
                -71.78526798408495,
                41.57639528151552
              ],
              [
                -71.79018371414486,
                41.5765819655173
              ],
              [
                -71.79043182909817,
                41.572051763178045
              ],
              [
                -71.78214446964158,
                41.57591761579064
              ],
              [
                -71.78072228936107,
                41.57629496786673
              ],
              [
                -71.7770992033494,
                41.57657923432313
              ],
              [
                -71.77707493111558,
                41.576264898949475
              ],
              [
                -71.77476271647325,
                41.57633302209219
              ],
              [
                -71.77484551700607,
                41.5766629989852
              ],
              [
                -71.77480057695396,
                41.57653775492559
              ],
              [
                -71.76925677315981,
                41.57668697570605
              ],
              [
                -71.7682363839647,
                41.57666909861982
              ],
              [
                -71.7675210371543,
                41.57646100514547
              ],
              [
                -71.76760253376511,
                41.57668267757044
              ],
              [
                -71.7677457047921,
                41.57752945194776
              ],
              [
                -71.76670366408415,
                41.57756817880802
              ],
              [
                -71.76624187865343,
                41.577621688826724
              ],
              [
                -71.76667849712868,
                41.577979689905426
              ],
              [
                -71.76720506488175,
                41.57930560295116
              ],
              [
                -71.7675562272037,
                41.579780779757066
              ],
              [
                -71.76767696535606,
                41.58039767756156
              ],
              [
                -71.76797710904914,
                41.580391588751226
              ],
              [
                -71.7682839318046,
                41.58234747248082
              ],
              [
                -71.7670832698475,
                41.582568176110904
              ],
              [
                -71.76659332670272,
                41.58145890990267
              ],
              [
                -71.75986327404141,
                41.58202966034083
              ],
              [
                -71.75704393507132,
                41.58246303315314
              ],
              [
                -71.75775769911928,
                41.58467179699776
              ],
              [
                -71.75989713101076,
                41.584341835920156
              ],
              [
                -71.76040298378551,
                41.5852518858544
              ],
              [
                -71.76275899429369,
                41.58477041740873
              ]
            ],
            [
              [
                -71.77232180940963,
                41.59289943619713
              ],
              [
                -71.77061786632328,
                41.59267835855439
              ],
              [
                -71.76904789338838,
                41.59189879779436
              ],
              [
                -71.7677793442297,
                41.59027656639352
              ],
              [
                -71.7674671007342,
                41.58996751898669
              ],
              [
                -71.76685060731307,
                41.58838416235895
              ],
              [
                -71.76593832082884,
                41.58858908579732
              ],
              [
                -71.76655122180516,
                41.58839816529174
              ],
              [
                -71.7665310834955,
                41.588348377974484
              ],
              [
                -71.7719498000714,
                41.58694666786523
              ],
              [
                -71.77545943805856,
                41.58609361157534
              ],
              [
                -71.77631804646153,
                41.58724744595567
              ],
              [
                -71.77629676206826,
                41.58742530694969
              ],
              [
                -71.77658961325959,
                41.58799912906709
              ],
              [
                -71.77522214496337,
                41.58838743473654
              ],
              [
                -71.7728679921707,
                41.58898512678232
              ],
              [
                -71.77112514119176,
                41.58929079294382
              ],
              [
                -71.77147179050957,
                41.59014432067726
              ],
              [
                -71.77232180940963,
                41.59289943619713
              ]
            ],
            [
              [
                -71.77712283793436,
                41.58581068138536
              ],
              [
                -71.77764063249182,
                41.585823909329335
              ],
              [
                -71.77807660914655,
                41.585937095432826
              ],
              [
                -71.77908089255087,
                41.585819706568834
              ],
              [
                -71.78093368062521,
                41.585423608115555
              ],
              [
                -71.78140916076926,
                41.585358035113714
              ],
              [
                -71.78183243255482,
                41.58543787373751
              ],
              [
                -71.78221101302816,
                41.585996061594706
              ],
              [
                -71.78231331776088,
                41.586560977386334
              ],
              [
                -71.7824746800142,
                41.58708843727154
              ],
              [
                -71.7825772450525,
                41.587347143252344
              ],
              [
                -71.78276636932715,
                41.58761275194854
              ],
              [
                -71.78300103883964,
                41.5880663628341
              ],
              [
                -71.78303225107155,
                41.58848334004287
              ],
              [
                -71.77983994898237,
                41.58921169072006
              ],
              [
                -71.77712283793436,
                41.58581068138536
              ]
            ]
          ],
          [
            [
              [
                -71.78431588903797,
                41.57654483709134
              ],
              [
                -71.78448074274732,
                41.57724754582679
              ],
              [
                -71.78486234770654,
                41.57722081061234
              ],
              [
                -71.78485342848916,
                41.57712084579289
              ],
              [
                -71.78495643178455,
                41.5768628548053
              ],
              [
                -71.78435237052814,
                41.576514109728016
              ],
              [
                -71.78431588903797,
                41.57654483709134
              ]
            ]
          ],
          [
            [
              [
                -71.78232184911975,
                41.6045343782825
              ],
              [
                -71.78313520347744,
                41.610222142213765
              ],
              [
                -71.78874369967451,
                41.61006649023029
              ],
              [
                -71.78906623458306,
                41.603668573531394
              ],
              [
                -71.78232184911975,
                41.6045343782825
              ]
            ]
          ],
          [
            [
              [
                -71.78819362124267,
                41.621121961609354
              ],
              [
                -71.78732513473842,
                41.621714850652026
              ],
              [
                -71.78649500579245,
                41.62223016602709
              ],
              [
                -71.78624355179615,
                41.62227679054228
              ],
              [
                -71.78609864303688,
                41.622340096165196
              ],
              [
                -71.78547124832502,
                41.62273869398001
              ],
              [
                -71.78390031853692,
                41.623553606318964
              ],
              [
                -71.78363270312958,
                41.62359542283773
              ],
              [
                -71.78363071641361,
                41.62461465300839
              ],
              [
                -71.78463265666373,
                41.62573792260299
              ],
              [
                -71.78480389851703,
                41.62579075985621
              ],
              [
                -71.78489423177025,
                41.625788114925285
              ],
              [
                -71.78499082659869,
                41.625741877400436
              ],
              [
                -71.78509775085477,
                41.625843292837644
              ],
              [
                -71.78536911252584,
                41.62591766894977
              ],
              [
                -71.78550827193068,
                41.626011740692526
              ],
              [
                -71.78556717240312,
                41.62619800875025
              ],
              [
                -71.78588264312019,
                41.62676130807084
              ],
              [
                -71.78604064981361,
                41.6267391260697
              ],
              [
                -71.78615936050542,
                41.626586310700084
              ],
              [
                -71.78627846568274,
                41.62652306930362
              ],
              [
                -71.7863687784645,
                41.62651558107631
              ],
              [
                -71.78642702826228,
                41.62655417165954
              ],
              [
                -71.78643399614494,
                41.62667035961189
              ],
              [
                -71.7863089942334,
                41.62685950644142
              ],
              [
                -71.78625859946573,
                41.6271380424412
              ],
              [
                -71.7863725280154,
                41.62736290780459
              ],
              [
                -71.78667699033052,
                41.62762361265195
              ],
              [
                -71.78696442029474,
                41.62768099814127
              ],
              [
                -71.7870873012619,
                41.62774121506483
              ],
              [
                -71.78722935007627,
                41.62775780698113
              ],
              [
                -71.78730020671587,
                41.62772857859278
              ],
              [
                -71.78739506504158,
                41.6276545021762
              ],
              [
                -71.78742362146052,
                41.627545487867664
              ],
              [
                -71.7875153923826,
                41.62750289148659
              ],
              [
                -71.78795386098558,
                41.62742190240249
              ],
              [
                -71.78819362124267,
                41.621121961609354
              ]
            ]
          ],
          [
            [
              [
                -71.7509769638424,
                41.539008034958236
              ],
              [
                -71.75086362540783,
                41.538478703528156
              ],
              [
                -71.75089448662936,
                41.53834213170807
              ],
              [
                -71.75084963413421,
                41.538304352208264
              ],
              [
                -71.7505916924692,
                41.538262032900484
              ],
              [
                -71.75053427848894,
                41.538173537715174
              ],
              [
                -71.75051767326086,
                41.53806065404574
              ],
              [
                -71.75061939819626,
                41.53780028897285
              ],
              [
                -71.75086549997344,
                41.537733286924976
              ],
              [
                -71.7508985496503,
                41.537424472259026
              ],
              [
                -71.75107014269854,
                41.53727615925922
              ],
              [
                -71.75122057999361,
                41.53706857311675
              ],
              [
                -71.75101252260737,
                41.53688821321801
              ],
              [
                -71.75099427740923,
                41.53659737765529
              ],
              [
                -71.75084491811889,
                41.5363454204149
              ],
              [
                -71.7508077636921,
                41.53608392814325
              ],
              [
                -71.75072945822181,
                41.536004054742406
              ],
              [
                -71.75047995973777,
                41.53592884192354
              ],
              [
                -71.75025855279296,
                41.5359850694507
              ],
              [
                -71.74946155047216,
                41.53551153778928
              ],
              [
                -71.74927045580773,
                41.53528754217668
              ],
              [
                -71.74904370843174,
                41.535190836959785
              ],
              [
                -71.74857143577546,
                41.53481307784668
              ],
              [
                -71.74846281819414,
                41.534764714324616
              ],
              [
                -71.74835971415334,
                41.534665595826006
              ],
              [
                -71.7483373338906,
                41.53453414300776
              ],
              [
                -71.74826195597662,
                41.53447212790941
              ],
              [
                -71.74805831768856,
                41.534448268671966
              ],
              [
                -71.7481044359897,
                41.53506708353999
              ],
              [
                -71.74814674834991,
                41.53518777340699
              ],
              [
                -71.74864051551113,
                41.53571414211473
              ],
              [
                -71.74923592647103,
                41.53669911336298
              ],
              [
                -71.74935091861795,
                41.53692041529528
              ],
              [
                -71.74935061220869,
                41.53708836550117
              ],
              [
                -71.74945010074666,
                41.53748265389813
              ],
              [
                -71.74969137522965,
                41.537891642911
              ],
              [
                -71.75030383397578,
                41.538601419332984
              ],
              [
                -71.75057279997652,
                41.5390353596947
              ],
              [
                -71.7509769638424,
                41.539008034958236
              ]
            ]
          ],
          [
            [
              [
                -71.75697564142864,
                41.544176543706705
              ],
              [
                -71.75810192786139,
                41.5479468412916
              ],
              [
                -71.75873166220885,
                41.55241364256224
              ],
              [
                -71.75884122662937,
                41.554329019595556
              ],
              [
                -71.75916143398908,
                41.55719560592767
              ],
              [
                -71.7580381648253,
                41.55732122674289
              ],
              [
                -71.75596188704539,
                41.55770834271935
              ],
              [
                -71.75657283772854,
                41.55827409852727
              ],
              [
                -71.7570114619072,
                41.561114230776845
              ],
              [
                -71.75740046646256,
                41.56216359644565
              ],
              [
                -71.75983586490361,
                41.56201518357666
              ],
              [
                -71.76130326626007,
                41.56251213283753
              ],
              [
                -71.76114228655506,
                41.56507104561937
              ],
              [
                -71.7599428773675,
                41.56497370777439
              ],
              [
                -71.75956264160182,
                41.565074622319656
              ],
              [
                -71.75782926303732,
                41.564706889546834
              ],
              [
                -71.75862935541532,
                41.56885270268402
              ],
              [
                -71.7591711108677,
                41.57195872952913
              ],
              [
                -71.75954662173218,
                41.57631501501818
              ],
              [
                -71.76169435158116,
                41.576175697888836
              ],
              [
                -71.76465929904643,
                41.57628101833021
              ],
              [
                -71.7676111075206,
                41.57631733205609
              ],
              [
                -71.76703122027791,
                41.57371027451438
              ],
              [
                -71.76653932602468,
                41.57373194446421
              ],
              [
                -71.76649995134918,
                41.57302050644145
              ],
              [
                -71.7664760117392,
                41.57135784212415
              ],
              [
                -71.76908427798925,
                41.57119545661697
              ],
              [
                -71.76918383995056,
                41.57186633328526
              ],
              [
                -71.76895499117701,
                41.57224337915634
              ],
              [
                -71.77048247315291,
                41.57294210192187
              ],
              [
                -71.77047324089911,
                41.5737983715903
              ],
              [
                -71.77039144529573,
                41.575141231978996
              ],
              [
                -71.77016809193101,
                41.57610059367879
              ],
              [
                -71.76977650368367,
                41.57639552518131
              ],
              [
                -71.77557650592823,
                41.576169442317116
              ],
              [
                -71.78097676422946,
                41.575845150565506
              ],
              [
                -71.78164191070682,
                41.57568025952224
              ],
              [
                -71.78268653904425,
                41.57528484314185
              ],
              [
                -71.78459197379478,
                41.57441790486548
              ],
              [
                -71.78595142510262,
                41.57370202601302
              ],
              [
                -71.78580187689963,
                41.57361560139728
              ],
              [
                -71.78568726095845,
                41.57360036461997
              ],
              [
                -71.78540258797194,
                41.57348118084822
              ],
              [
                -71.7850155040453,
                41.57326541551212
              ],
              [
                -71.78434316069945,
                41.57305653665031
              ],
              [
                -71.78391223286799,
                41.57281481094905
              ],
              [
                -71.78356178825973,
                41.57278729131765
              ],
              [
                -71.78329078040893,
                41.5728659131897
              ],
              [
                -71.78311220554173,
                41.572870257065816
              ],
              [
                -71.78274286012673,
                41.57274410993319
              ],
              [
                -71.78258228507201,
                41.57275698212331
              ],
              [
                -71.78236690724458,
                41.572838773976045
              ],
              [
                -71.78216591535143,
                41.572749088215495
              ],
              [
                -71.7819983150788,
                41.572563998972136
              ],
              [
                -71.78177920827612,
                41.5722090542048
              ],
              [
                -71.78131134530882,
                41.57177006970078
              ],
              [
                -71.78120889513046,
                41.571583448581855
              ],
              [
                -71.78093905900165,
                41.571391834198316
              ],
              [
                -71.78080709520654,
                41.57123289852214
              ],
              [
                -71.78071958249727,
                41.5710278844514
              ],
              [
                -71.7806396782881,
                41.570930739588206
              ],
              [
                -71.78060287365143,
                41.570805575960804
              ],
              [
                -71.78039886868909,
                41.570558307476375
              ],
              [
                -71.78012804195039,
                41.57046583154884
              ],
              [
                -71.77992328041566,
                41.57047979448438
              ],
              [
                -71.77990507174508,
                41.57074589076416
              ],
              [
                -71.77973712196399,
                41.5707094244873
              ],
              [
                -71.77946315980088,
                41.570797117665066
              ],
              [
                -71.77940090006312,
                41.57069956709719
              ],
              [
                -71.7786518508175,
                41.570474520036406
              ],
              [
                -71.77786328792993,
                41.57014234739307
              ],
              [
                -71.7777028452457,
                41.569984121601934
              ],
              [
                -71.77761460189654,
                41.56977910597996
              ],
              [
                -71.77765892691278,
                41.569588911901825
              ],
              [
                -71.77777567018921,
                41.56955007841545
              ],
              [
                -71.77849175731725,
                41.569748896602704
              ],
              [
                -71.77869662133402,
                41.569770959218204
              ],
              [
                -71.7790174243085,
                41.56973617389737
              ],
              [
                -71.77928467321341,
                41.56955409786986
              ],
              [
                -71.780055431748,
                41.569612001103536
              ],
              [
                -71.78023442004684,
                41.569495056909865
              ],
              [
                -71.78064722611059,
                41.56953461484019
              ],
              [
                -71.78076438157383,
                41.56950474418559
              ],
              [
                -71.78090053577155,
                41.56942235833066
              ],
              [
                -71.78100736696709,
                41.56901929845782
              ],
              [
                -71.78129054551061,
                41.56906873013054
              ],
              [
                -71.78138558393421,
                41.5690213933758
              ],
              [
                -71.78153123507573,
                41.569017887320435
              ],
              [
                -71.78186756267552,
                41.56909978293717
              ],
              [
                -71.78216699495263,
                41.569074514999514
              ],
              [
                -71.78283953636938,
                41.5691843096944
              ],
              [
                -71.78313167936038,
                41.56926729530288
              ],
              [
                -71.78344956308815,
                41.56942621858095
              ],
              [
                -71.78396495615077,
                41.56945425962796
              ],
              [
                -71.78446112156222,
                41.56978445358199
              ],
              [
                -71.7847828646836,
                41.56991174321178
              ],
              [
                -71.78500173980024,
                41.5700685303546
              ],
              [
                -71.78530130706068,
                41.57091686867364
              ],
              [
                -71.78590030526334,
                41.57116352872258
              ],
              [
                -71.78646249891266,
                41.57133901329126
              ],
              [
                -71.78675835361193,
                41.571385871623725
              ],
              [
                -71.78728904621491,
                41.57016617908375
              ],
              [
                -71.78928212940252,
                41.5705860876856
              ],
              [
                -71.78912409491372,
                41.571319441806985
              ],
              [
                -71.78967055125656,
                41.57121609677973
              ],
              [
                -71.78991177909809,
                41.57105713116087
              ],
              [
                -71.79027736065052,
                41.57089515002648
              ],
              [
                -71.79046752077922,
                41.570872497081005
              ],
              [
                -71.79049497139779,
                41.56992618488773
              ],
              [
                -71.79070145725018,
                41.56624667732989
              ],
              [
                -71.79074580213701,
                41.5625265423513
              ],
              [
                -71.78473802378008,
                41.56281540612157
              ],
              [
                -71.78495537261433,
                41.56003599902171
              ],
              [
                -71.78495305594544,
                41.55950862597783
              ],
              [
                -71.78964979384536,
                41.55803387106464
              ],
              [
                -71.79019343010106,
                41.558960719571644
              ],
              [
                -71.79070265778321,
                41.56060384885291
              ],
              [
                -71.79083175828325,
                41.560875201248386
              ],
              [
                -71.79111071036175,
                41.553256512394974
              ],
              [
                -71.78506499613933,
                41.54693888547433
              ],
              [
                -71.78456533916979,
                41.54648652036307
              ],
              [
                -71.78467203041578,
                41.54695782698441
              ],
              [
                -71.78472181878566,
                41.547686437906876
              ],
              [
                -71.78451025075707,
                41.551581802435564
              ],
              [
                -71.78456377626546,
                41.552319746849584
              ],
              [
                -71.78432492876335,
                41.55222566797354
              ],
              [
                -71.78324991489914,
                41.55166321283033
              ],
              [
                -71.78328882789972,
                41.55126619098933
              ],
              [
                -71.78335865753307,
                41.55096832398268
              ],
              [
                -71.78238263547058,
                41.550848594476165
              ],
              [
                -71.78074927204453,
                41.55145561637228
              ],
              [
                -71.78051536097982,
                41.551410387519695
              ],
              [
                -71.78034663589374,
                41.55469307052582
              ],
              [
                -71.78149159505648,
                41.55626270937659
              ],
              [
                -71.77657737625734,
                41.55601931427949
              ],
              [
                -71.77338247869444,
                41.55572759401085
              ],
              [
                -71.77294348049676,
                41.54997199629475
              ],
              [
                -71.77201017640799,
                41.54922031172907
              ],
              [
                -71.77110852585697,
                41.54828747441129
              ],
              [
                -71.7702625786924,
                41.54735676071141
              ],
              [
                -71.76904264216776,
                41.546086235821825
              ],
              [
                -71.76880067070755,
                41.54587685680524
              ],
              [
                -71.76784599052674,
                41.54475052146572
              ],
              [
                -71.76655824219667,
                41.543343532216404
              ],
              [
                -71.76468308490277,
                41.54170535593939
              ],
              [
                -71.76410835034193,
                41.54111013293763
              ],
              [
                -71.76323153367724,
                41.54046548713426
              ],
              [
                -71.76262318564665,
                41.539974262970354
              ],
              [
                -71.76098616181605,
                41.5393714825155
              ],
              [
                -71.76026527059832,
                41.53904516329572
              ],
              [
                -71.75954884860862,
                41.53848935404654
              ],
              [
                -71.7564027551732,
                41.53585938696
              ],
              [
                -71.75532736938851,
                41.53500141745153
              ],
              [
                -71.7550014023261,
                41.53477442901752
              ],
              [
                -71.75451238971016,
                41.53520172096371
              ],
              [
                -71.75423711350201,
                41.538819755969385
              ],
              [
                -71.75051256332387,
                41.539076096437995
              ],
              [
                -71.75080944235066,
                41.53958298660889
              ],
              [
                -71.750880202461,
                41.53991746163448
              ],
              [
                -71.75088589077852,
                41.540177480903566
              ],
              [
                -71.75069260093113,
                41.540729521503344
              ],
              [
                -71.75064080334346,
                41.54150491945665
              ],
              [
                -71.75067336816268,
                41.54195701647636
              ],
              [
                -71.75079631576133,
                41.54227949978517
              ],
              [
                -71.75102692484022,
                41.54259881452721
              ],
              [
                -71.75226006342812,
                41.5436546604309
              ],
              [
                -71.75241365479286,
                41.54383342128098
              ],
              [
                -71.7524600276035,
                41.543953645762116
              ],
              [
                -71.75246235827662,
                41.544105449711736
              ],
              [
                -71.75215042274827,
                41.544676751779946
              ],
              [
                -71.75441975455618,
                41.54446834787306
              ],
              [
                -71.75697564142864,
                41.544176543706705
              ]
            ]
          ],
          [
            [
              [
                -71.74968670048828,
                41.56900028018445
              ],
              [
                -71.7507320628261,
                41.56976796899744
              ],
              [
                -71.75367170884722,
                41.56862991135749
              ],
              [
                -71.75277196615866,
                41.56713133795543
              ],
              [
                -71.7526419777808,
                41.56657043699043
              ],
              [
                -71.75247102840072,
                41.566340031720195
              ],
              [
                -71.75242124810978,
                41.56618387295445
              ],
              [
                -71.75217070118086,
                41.56620334147471
              ],
              [
                -71.75212459580473,
                41.56608714506359
              ],
              [
                -71.75214379240717,
                41.56599834806092
              ],
              [
                -71.74917634465292,
                41.5665771927109
              ],
              [
                -71.74992388729089,
                41.566969948193524
              ],
              [
                -71.75018197639604,
                41.567167359641196
              ],
              [
                -71.75177360543546,
                41.56793913279529
              ],
              [
                -71.75090704794529,
                41.5684569901784
              ],
              [
                -71.75071552243497,
                41.5683437711011
              ],
              [
                -71.74968670048828,
                41.56900028018445
              ]
            ]
          ],
          [
            [
              [
                -71.77002037673988,
                41.60779099284729
              ],
              [
                -71.7704422403531,
                41.60791378447885
              ],
              [
                -71.77152520355483,
                41.60810561958803
              ],
              [
                -71.77174483831062,
                41.60810772702686
              ],
              [
                -71.77203935828973,
                41.608068959122164
              ],
              [
                -71.77344841298098,
                41.607750403852414
              ],
              [
                -71.77472215808609,
                41.60764075129031
              ],
              [
                -71.77621602917901,
                41.60773756695218
              ],
              [
                -71.7767812161058,
                41.607809448452
              ],
              [
                -71.77590696079609,
                41.60637761433104
              ],
              [
                -71.77559716043672,
                41.605573534669
              ],
              [
                -71.77566451110327,
                41.604786238173375
              ],
              [
                -71.77518180874817,
                41.60349834990948
              ],
              [
                -71.77406685448156,
                41.603854782556766
              ],
              [
                -71.77034009397904,
                41.60485030296681
              ],
              [
                -71.77077849926212,
                41.60547398346708
              ],
              [
                -71.7706930546123,
                41.60553690467677
              ],
              [
                -71.77085264799379,
                41.6057841917267
              ],
              [
                -71.76865925028324,
                41.60699227091775
              ],
              [
                -71.77002037673988,
                41.60779099284729
              ]
            ]
          ],
          [
            [
              [
                -71.76389942676052,
                41.611119205041355
              ],
              [
                -71.76327950585133,
                41.61142613083766
              ],
              [
                -71.76325546248995,
                41.61157552074209
              ],
              [
                -71.76339997489463,
                41.61195843136727
              ],
              [
                -71.762995719867,
                41.61207370414724
              ],
              [
                -71.76252795523202,
                41.61179247778601
              ],
              [
                -71.76221905789126,
                41.61193969133593
              ],
              [
                -71.76158297841494,
                41.61242354362337
              ],
              [
                -71.7613434354119,
                41.612531765730004
              ],
              [
                -71.76257738366981,
                41.61387681087296
              ],
              [
                -71.76168778366676,
                41.61436676434165
              ],
              [
                -71.76205513871608,
                41.6144872733518
              ],
              [
                -71.7623907939013,
                41.61466122938204
              ],
              [
                -71.76318125198996,
                41.615333073420274
              ],
              [
                -71.763363662029,
                41.61544930153181
              ],
              [
                -71.76349396227327,
                41.61559218905494
              ],
              [
                -71.76375149348742,
                41.615739671810985
              ],
              [
                -71.7640315915444,
                41.61581823903853
              ],
              [
                -71.76418136001035,
                41.615941795998815
              ],
              [
                -71.7643697655199,
                41.61603072476254
              ],
              [
                -71.76142522516666,
                41.61804776906981
              ],
              [
                -71.76461345199333,
                41.62083611223012
              ],
              [
                -71.77214510441055,
                41.62716546206408
              ],
              [
                -71.77597310545386,
                41.630255819079075
              ],
              [
                -71.77559301533091,
                41.632016165577575
              ],
              [
                -71.78023728201406,
                41.63267861230186
              ],
              [
                -71.78030733566295,
                41.63212992149629
              ],
              [
                -71.78191193025943,
                41.63235234850238
              ],
              [
                -71.78192136971563,
                41.63151764466666
              ],
              [
                -71.78230981095618,
                41.62913035297217
              ],
              [
                -71.7803465417128,
                41.62798414879615
              ],
              [
                -71.78045971867792,
                41.627874963129976
              ],
              [
                -71.77750785781613,
                41.62601854893827
              ],
              [
                -71.77993500636869,
                41.627528045764016
              ],
              [
                -71.78047364337303,
                41.62788372036487
              ],
              [
                -71.78078876033487,
                41.62760992212537
              ],
              [
                -71.78012407622278,
                41.62717380835355
              ],
              [
                -71.78044962563838,
                41.62687820744646
              ],
              [
                -71.78213711032231,
                41.627928135510345
              ],
              [
                -71.78217463184232,
                41.62780020354526
              ],
              [
                -71.78216017050849,
                41.6274438367498
              ],
              [
                -71.78191628197438,
                41.62701636518122
              ],
              [
                -71.78174401929495,
                41.62688168343605
              ],
              [
                -71.78170506406902,
                41.626680334687656
              ],
              [
                -71.78171428243355,
                41.626425600197265
              ],
              [
                -71.78129592218481,
                41.626392244063794
              ],
              [
                -71.78111940443989,
                41.62631713394097
              ],
              [
                -71.78067754173897,
                41.62577489357484
              ],
              [
                -71.78060420364271,
                41.62553174134716
              ],
              [
                -71.78055502563402,
                41.62550207984278
              ],
              [
                -71.78076738695029,
                41.625360162774705
              ],
              [
                -71.78061433498856,
                41.62489130596887
              ],
              [
                -71.78113405456705,
                41.624786892444355
              ],
              [
                -71.78120605914107,
                41.62487145825557
              ],
              [
                -71.78136723687635,
                41.62483329334797
              ],
              [
                -71.78176041459665,
                41.624866227464544
              ],
              [
                -71.78193855055721,
                41.62501687459794
              ],
              [
                -71.78210905376086,
                41.62534138271097
              ],
              [
                -71.7823084228148,
                41.6251810929166
              ],
              [
                -71.78254676316695,
                41.62507784807324
              ],
              [
                -71.78294618877017,
                41.62491561298481
              ],
              [
                -71.78328119625517,
                41.624854984455816
              ],
              [
                -71.78337940483573,
                41.62480656000334
              ],
              [
                -71.78347570012691,
                41.624690104624854
              ],
              [
                -71.78348416677713,
                41.62363858381968
              ],
              [
                -71.7833531464106,
                41.623664041916385
              ],
              [
                -71.78327760971361,
                41.62277910345451
              ],
              [
                -71.78328267994355,
                41.622123976073986
              ],
              [
                -71.78335905085221,
                41.62143889493768
              ],
              [
                -71.7834218417082,
                41.6212779393709
              ],
              [
                -71.78370617076658,
                41.619688272853864
              ],
              [
                -71.78354714465297,
                41.61944330965206
              ],
              [
                -71.78310134168025,
                41.61913471769978
              ],
              [
                -71.78298963034284,
                41.618998013920496
              ],
              [
                -71.78298709190241,
                41.61841735022616
              ],
              [
                -71.78290982229454,
                41.617988737799216
              ],
              [
                -71.78263018860582,
                41.6175636005079
              ],
              [
                -71.782037517509,
                41.61745393856381
              ],
              [
                -71.78178047416827,
                41.61744538330873
              ],
              [
                -71.7816399728875,
                41.617542348239084
              ],
              [
                -71.78097518258804,
                41.617504527924616
              ],
              [
                -71.78078406468337,
                41.6173561049992
              ],
              [
                -71.78045637106204,
                41.61717588707649
              ],
              [
                -71.77990509357544,
                41.616930964707954
              ],
              [
                -71.77960513157637,
                41.61686499245928
              ],
              [
                -71.77939765016026,
                41.61678093493531
              ],
              [
                -71.77934676387076,
                41.61680082354814
              ],
              [
                -71.77910761780133,
                41.616556033418696
              ],
              [
                -71.77888399952688,
                41.61622276163102
              ],
              [
                -71.77784333866914,
                41.61622827520841
              ],
              [
                -71.7773101591263,
                41.615890093751155
              ],
              [
                -71.77681057355177,
                41.61551907249627
              ],
              [
                -71.77606863000831,
                41.614609650835774
              ],
              [
                -71.77577332700355,
                41.61402455164851
              ],
              [
                -71.7768915627811,
                41.61422197136806
              ],
              [
                -71.77286182521274,
                41.60926559052816
              ],
              [
                -71.77263441402673,
                41.60896834983744
              ],
              [
                -71.77241068530392,
                41.60860261130886
              ],
              [
                -71.77227589738504,
                41.60862973020575
              ],
              [
                -71.77208802970372,
                41.608299639179634
              ],
              [
                -71.77186453854402,
                41.608190370153345
              ],
              [
                -71.7710156791537,
                41.608098760828696
              ],
              [
                -71.77019342426753,
                41.60791591546509
              ],
              [
                -71.76389942676052,
                41.611119205041355
              ]
            ]
          ],
          [
            [
              [
                -71.78183359597064,
                41.626729182529104
              ],
              [
                -71.78192279825547,
                41.626798525463016
              ],
              [
                -71.78199578596622,
                41.62693556278239
              ],
              [
                -71.78233681419555,
                41.62737877450802
              ],
              [
                -71.78228099580383,
                41.627393204955226
              ],
              [
                -71.78227413554481,
                41.62814981853979
              ],
              [
                -71.78466887958967,
                41.6294684340205
              ],
              [
                -71.78521276749497,
                41.62815164983616
              ],
              [
                -71.7850408737385,
                41.62805202263296
              ],
              [
                -71.78439743804665,
                41.627942842027764
              ],
              [
                -71.78404345453276,
                41.62758995574184
              ],
              [
                -71.7837519821027,
                41.627372701500036
              ],
              [
                -71.78348479528366,
                41.62726258643137
              ],
              [
                -71.78298810130843,
                41.62694578256076
              ],
              [
                -71.78245354634227,
                41.62668266946647
              ],
              [
                -71.78203203381265,
                41.626510484045376
              ],
              [
                -71.78182112031257,
                41.62648908450616
              ],
              [
                -71.78183359597064,
                41.626729182529104
              ]
            ]
          ],
          [
            [
              [
                -71.74486203403296,
                41.61707274896856
              ],
              [
                -71.7454705827788,
                41.61830110375992
              ],
              [
                -71.74612515335473,
                41.61942127507593
              ],
              [
                -71.74648188623542,
                41.619357263290134
              ],
              [
                -71.74616493319809,
                41.61941413729371
              ],
              [
                -71.74772101501267,
                41.622240032983534
              ],
              [
                -71.74783041111463,
                41.622521164837785
              ],
              [
                -71.74797483688363,
                41.622707134674414
              ],
              [
                -71.75274605710092,
                41.62172532923019
              ],
              [
                -71.75280681921014,
                41.621896032867895
              ],
              [
                -71.7532189728238,
                41.62498901752239
              ],
              [
                -71.75337051352668,
                41.62622743987097
              ],
              [
                -71.75342975298527,
                41.62705181319315
              ],
              [
                -71.7555045739128,
                41.62562835334964
              ],
              [
                -71.75873075524942,
                41.62468656675178
              ],
              [
                -71.75823732477066,
                41.62401526530342
              ],
              [
                -71.75770813769927,
                41.62239946488832
              ],
              [
                -71.75752506112188,
                41.62196761081246
              ],
              [
                -71.75623055543734,
                41.62238875892068
              ],
              [
                -71.75586159098822,
                41.62148302627483
              ],
              [
                -71.75715869946762,
                41.62104986909681
              ],
              [
                -71.75705731942499,
                41.620927444620335
              ],
              [
                -71.75694967323662,
                41.62068515597813
              ],
              [
                -71.75686456394051,
                41.62019938717971
              ],
              [
                -71.75667990433855,
                41.620079425439656
              ],
              [
                -71.75650091978386,
                41.61989257388045
              ],
              [
                -71.75469201931963,
                41.61746182540199
              ],
              [
                -71.75405693657792,
                41.616779223862615
              ],
              [
                -71.75354987122262,
                41.61630577909429
              ],
              [
                -71.75338299531226,
                41.616094051884886
              ],
              [
                -71.75321396920884,
                41.615565129113385
              ],
              [
                -71.75291961959111,
                41.61504520012902
              ],
              [
                -71.7524566517934,
                41.614097090729054
              ],
              [
                -71.75171389109335,
                41.6129640084567
              ],
              [
                -71.75020031672042,
                41.61347369080465
              ],
              [
                -71.74878231586776,
                41.61403882091039
              ],
              [
                -71.74752017019532,
                41.61404388989619
              ],
              [
                -71.74707525056179,
                41.61474170245719
              ],
              [
                -71.74716931966204,
                41.61522343148598
              ],
              [
                -71.74698582802917,
                41.615477608249996
              ],
              [
                -71.74636087681006,
                41.615522528113154
              ],
              [
                -71.74599066977724,
                41.615184944036585
              ],
              [
                -71.74554938445688,
                41.61501926282518
              ],
              [
                -71.74542930264548,
                41.614881091574915
              ],
              [
                -71.74545210632729,
                41.61458880917747
              ],
              [
                -71.74556058767467,
                41.61437068299502
              ],
              [
                -71.74560813233583,
                41.61406385260199
              ],
              [
                -71.74464988978542,
                41.614288947693275
              ],
              [
                -71.74391236697086,
                41.61451056396437
              ],
              [
                -71.743410760744,
                41.61452488330031
              ],
              [
                -71.74486203403296,
                41.61707274896856
              ]
            ]
          ],
          [
            [
              [
                -71.75007927997615,
                41.632334236681224
              ],
              [
                -71.75084984206148,
                41.63412614585311
              ],
              [
                -71.75612279306037,
                41.63432189296538
              ],
              [
                -71.75657687418611,
                41.6319395386584
              ],
              [
                -71.75007927997615,
                41.632334236681224
              ]
            ]
          ]
        ]
      }
    }
  ],
  "bbox": [
    -71.79111071036175,
    41.52217446810784,
    -71.6514291832206,
    41.63432189296538
  ]
}
